timestamp(ms),odrv0_pos,cmd_pos,u,velocity,
"1771539193.267","1",,,,
"1771539193.268",,"1","-0.09","-0.22",
"1771539193.277","1","1","-0.09",,
"1771539193.278",,,,"-0.26",
"1771539193.287","1",,,,
"1771539193.288",,"1","-0.09","-0.07",
"1771539193.297","1","1","-0.09","-0.07",
"1771539193.307","1","1","-0.09","-0.14",
"1771539193.318","1","1","-0.09","0",
"1771539193.327","1","1","-0.09","0.01",
"1771539193.339","1",,,,
"1771539193.34",,"1","-0.09","-0.01",
"1771539193.348","1","1","-0.09","0",
"1771539193.357","1","1","-0.09","0.03",
"1771539193.367","1","1",,,
"1771539193.368",,,"-0.08","-0.03",
"1771539193.377","1","1","-0.08",,
"1771539193.378",,,,"-0.02",
"1771539193.388","1",,,,
"1771539193.389",,"1","-0.08","0.04",
"1771539193.397","1","1","-0.08","0.05",
"1771539193.408","1","1","-0.08","0.02",
"1771539193.418","1",,,,
"1771539193.419",,"1","-0.08","0.01",
"1771539193.427","1",,,,
"1771539193.428",,"1","-0.08","-0.01",
"1771539193.438","1","1","-0.08","0.01",
"1771539193.447","1","1","-0.08","0.04",
"1771539193.457","1","1","-0.08","-0.04",
"1771539193.467","1",,,,
"1771539193.468",,"1","-0.08","0.01",
"1771539193.478","1","1","-0.08","-0.03",
"1771539193.488","1","1",,,
"1771539193.489",,,"-0.08","-0.02",
"1771539193.497","1","1","-0.08","0.04",
"1771539193.507","1","1","-0.08","0",
"1771539193.517","1","1",,,
"1771539193.518",,,"-0.08","0.01",
"1771539193.528","1","1","-0.07",,
"1771539193.529",,,,"-0.03",
"1771539193.538","1",,,,
"1771539193.539",,"1","-0.07","-0.05",
"1771539193.548","1",,,,
"1771539193.549",,"1","-0.07","0.01",
"1771539193.557","1",,,,
"1771539193.558",,"1","-0.07","-0.06",
"1771539193.567","1","1","-0.07",,
"1771539193.568",,,,"-0.02",
"1771539193.577","1","1","-0.07","0",
"1771539193.587","1","1","-0.07","0.02",
"1771539193.597","1",,,,
"1771539193.598",,"1","-0.07","0.02",
"1771539193.607","1",,,,
"1771539193.608",,"1","-0.07","0.04",
"1771539193.618","1","1","-0.07","-0.06",
"1771539193.627","1","1","-0.07","0.02",
"1771539193.638","1","1","-0.07","-0.03",
"1771539193.647","1","1",,,
"1771539193.648",,,"-0.07","0.04",
"1771539193.658","1","1",,,
"1771539193.659",,,"-0.07","0",
"1771539193.668","1",,,,
"1771539193.669",,"1","-0.07","0.03",
"1771539193.677","1",,,,
"1771539193.678",,"1","-0.07","0.02",
"1771539193.687","1",,,,
"1771539193.688",,"1","-0.07","0.03",
"1771539193.697","1","1","-0.06",,
"1771539193.698",,,,"-0.06",
"1771539193.707","1","1","-0.07","0.03",
"1771539193.717","0.98","-1","-0.58","-4.92",
"1771539193.727","0.81","-1","-0.22",,
"1771539193.728",,,,"-20.57",
"1771539193.738","0.57","-1","-0.11","-23.1",
"1771539193.747","0.38","-1","-0.18","-17.03",
"1771539193.757","0.25","-1","-0.24","-12.26",
"1771539193.767","0.11","-1","-0.15","-14.75",
"1771539193.777","-0.07","-1","0.01","-20.35",
"1771539193.787","-0.29","-1","0.1","-21.82",
"1771539193.797","-0.49","-1","0.07","-17.89",
"1771539193.807","-0.62","-1","-0.03","-10.64",
"1771539193.817","-0.68","-1","-0.12","-5.34",
"1771539193.827","-0.73","-1","-0.13","-4.38",
"1771539193.838","-0.78","-1","-0.1","-5.05",
"1771539193.847","-0.82","-1","-0.11","-4.11",
"1771539193.857","-0.84","-1","-0.16","-1.52",
"1771539193.867","-0.85","-1","-0.18","-0.04",
"1771539193.877","-0.85","-1","-0.17","-0.62",
"1771539193.887","-0.86","-1","-0.16","-0.87",
"1771539193.897","-0.87","-1","-0.15","-1.64",
"1771539193.907","-0.89","-1","-0.13","-2.11",
"1771539193.917","-0.91","-1","-0.14","-1.36",
"1771539193.927","-0.92","-1","-0.15","-0.84",
"1771539193.938","-0.93","-1","-0.14","-0.96",
"1771539193.947","-0.94","-1","-0.14","-0.98",
"1771539193.957","-0.96","-1","-0.12","-1.73",
"1771539193.967","-0.97","-1","-0.12","-1.4",
"1771539193.977","-0.98","-1","-0.13","-1.1",
"1771539193.987","-0.99","-1","-0.15","0",
"1771539193.997","-0.99","-1","-0.14","-0.48",
"1771539194.007","-1","-1","-0.13","-0.94",
"1771539194.017","-1","-1","-0.14","-0.27",
"1771539194.027","-1","-1","-0.14","-0.04",
"1771539194.038","-1","-1","-0.14","-0.06",
"1771539194.047","-1","-1","-0.14","0.02",
"1771539194.057","-1","-1","-0.14","-0.07",
"1771539194.067","-1","-1","-0.14","-0.08",
"1771539194.077","-1","-1","-0.14","-0.01",
"1771539194.087","-1","-1","-0.14","-0.01",
"1771539194.097","-1","-1","-0.14","-0.02",
"1771539194.108","-1","-1","-0.14","0.02",
"1771539194.118","-1","-1","-0.14","0.04",
"1771539194.127","-1","-1","-0.14","-0.03",
"1771539194.138","-1",,,,
"1771539194.139",,"-1","-0.14","-0.03",
"1771539194.147","-1","-1",,,
"1771539194.148",,,"-0.14","0.03",
"1771539194.157","-1","-1","-0.14","0.03",
"1771539194.167","-1",,,,
"1771539194.168",,"-1","-0.14","0.03",
"1771539194.177","-1","-1","-0.14","0.03",
"1771539194.188","-1","-1","-0.13","-0.01",
"1771539194.197","-1","-1","-0.13",,
"1771539194.198",,,,"0",
"1771539194.208","-1","-1","-0.13","0.02",
"1771539194.217","-1","-1","-0.13","-0.03",
"1771539194.227","-1","-1","-0.13","0.01",
"1771539194.238","-1",,,,
"1771539194.239",,"-1","-0.13","-0.04",
"1771539194.247","-1",,,,
"1771539194.248",,"-1","-0.13","0.01",
"1771539194.257","-1",,,,
"1771539194.258",,"-1","-0.13","-0.07",
"1771539194.268","-1","-1","-0.13","0.05",
"1771539194.277","-1","-1","-0.13","0.01",
"1771539194.287","-1","-1","-0.13","-0.06",
"1771539194.297","-1","-1","-0.13","0.05",
"1771539194.308","-1","-1","-0.13","0.01",
"1771539194.317","-1",,,,
"1771539194.318",,"-1","-0.13","0.01",
"1771539194.327","-1","-1","-0.13","0.02",
"1771539194.338","-1",,,,
"1771539194.339",,"-1","-0.13","-0.01",
"1771539194.347","-1",,,,
"1771539194.348",,"-1","-0.13","-0.01",
"1771539194.357","-1","-1","-0.13","0.05",
"1771539194.368","-1","-1","-0.12","0",
"1771539194.377","-1","-1","-0.12","-0.03",
"1771539194.388","-1","-1","-0.12","-0.03",
"1771539194.397","-1","-1","-0.12","-0.02",
"1771539194.407","-1",,,,
"1771539194.408",,"-1","-0.12","-0.02",
"1771539194.417","-1","-1","-0.12","0.02",
"1771539194.427","-1","-1","-0.12","0.03",
"1771539194.439","-1","-1","-0.12","-0.02",
"1771539194.447","-1","-1",,,
"1771539194.448",,,"-0.12","0",
"1771539194.458","-1","-1","-0.12","0.02",
"1771539194.467","-1",,,,
"1771539194.468",,"-1","-0.12","0.07",
"1771539194.477","-1","-1","-0.12","-0.01",
"1771539194.487","-1","-1","-0.12","0",
"1771539194.497","-1","-1","-0.12","0.04",
"1771539194.508","-1","-1","-0.12","0.02",
"1771539194.517","-1",,,,
"1771539194.518",,"-1","-0.12","0",
"1771539194.527","-1","-1","-0.12","0",
"1771539194.539","-1",,,,
"1771539194.54",,"-1","-0.12","-0.01",
"1771539194.547","-1","-1","-0.12","0",
"1771539194.557","-1",,,,
"1771539194.558",,"-1","-0.11","-0.01",
"1771539194.567","-1","-1","-0.11","-0.02",
"1771539194.578","-1","-1","-0.11","-0.01",
"1771539194.587","-1",,,,
"1771539194.588",,"-1","-0.11","0",
"1771539194.598","-1","-1","-0.11","0.06",
"1771539194.608","-1","-1","-0.11","-0.01",
"1771539194.617","-1","-1","-0.11","0.01",
"1771539194.627","-1","-1","-0.11",,
"1771539194.628",,,,"0",
"1771539194.638","-1","-1","-0.11","0",
"1771539194.647","-1","-1","-0.11","0.01",
"1771539194.658","-1","-1","-0.11","0.02",
"1771539194.668","-1","-1","-0.11","0.02",
"1771539194.677","-1",,,,
"1771539194.678",,"-1","-0.11","0.01",
"1771539194.687","-1","-1","-0.11","-0.06",
"1771539194.697","-1","-1","-0.11",,
"1771539194.698",,,,"-0.01",
"1771539194.708","-1","-1","-0.11","-0.02",
"1771539194.717","-1",,,,
"1771539194.718",,"1","0.57","2.57",
"1771539194.727","-0.84","1","0.16","21.57",
"1771539194.738","-0.53","1","-0.13","31.84",
"1771539194.747","-0.25","1","-0.09","25.97",
"1771539194.757","-0.07","1","0.09","14.71",
"1771539194.767","0.04","1","0.14","10.59",
"1771539194.777","0.17","1","0.03","14.51",
"1771539194.787","0.36","1","-0.15","20.81",
"1771539194.797","0.59","1","-0.23","21.97",
"1771539194.807","0.77","1","-0.16","15.84",
"1771539194.817","0.87","1","-0.03","7.91",
"1771539194.827","0.91","1","0.06","3.09",
"1771539194.838","0.93","1","0.07","2.48",
"1771539194.847","0.96","1","0.04","3.2",
"1771539194.857","1","1","0.02","4.04",
"1771539194.867","1.04","1","0.01","3.8",
"1771539194.877","1.07","1","0.01","2.91",
"1771539194.887","1.09","1","0.03","1.29",
"1771539194.897","1.09","1","0.05","-0.06",
"1771539194.907","1.1","1","0.03","0.1",
"1771539194.917","1.1","1","0.02",,
"1771539194.918",,,,"0",
"1771539194.927","1.1","1","0.01",,
"1771539194.928",,,,"-0.05",
"1771539194.938","1.09",,,,
"1771539194.939",,"1","0","-0.06",
"1771539194.947","1.09","1","-0.01","-0.06",
"1771539194.957","1.09","1","-0.02","-0.24",
"1771539194.967","1.09","1","-0.03","-0.21",
"1771539194.977","1.09","1","-0.04","-0.04",
"1771539194.988","1.09","1","-0.05","-0.24",
"1771539194.997","1.08",,,,
"1771539194.998",,"1","-0.04","-1.23",
"1771539195.007","1.07","1","-0.05","-0.99",
"1771539195.017","1.06","1","-0.06","-0.55",
"1771539195.027","1.05","1","-0.05","-1.56",
"1771539195.038","1.03",,,,
"1771539195.039",,"1","-0.03","-2.45",
"1771539195.048","1","1","-0.04","-1.74",
"1771539195.057","1",,,,
"1771539195.058",,"1","-0.07","0.04",
"1771539195.067","1",,,,
"1771539195.068",,"1","-0.07","-0.16",
"1771539195.077","1","1","-0.06","-0.4",
"1771539195.087","0.99","1","-0.07","-0.02",
"1771539195.097","1","1","-0.07","-0.02",
"1771539195.108","1","1","-0.07","0",
"1771539195.117","1",,,,
"1771539195.118",,"1","-0.07","0.07",
"1771539195.127","1","1","-0.07",,
"1771539195.128",,,,"0",
"1771539195.139","1","1","-0.07","0.02",
"1771539195.147","1","1","-0.07","0",
"1771539195.157","1","1","-0.07","0.04",
"1771539195.167","1","1",,,
"1771539195.168",,,"-0.07","0.04",
"1771539195.178","1","1","-0.07","0.02",
"1771539195.188","1","1","-0.07","-0.03",
"1771539195.197","1",,,,
"1771539195.198",,"1","-0.07","0.1",
"1771539195.207","1",,,,
"1771539195.208",,"1","-0.07","0",
"1771539195.217","1","1","-0.06","0",
"1771539195.227","1","1","-0.06",,
"1771539195.228",,,,"0.05",
"1771539195.238","1",,,,
"1771539195.239",,"1","-0.06","-0.02",
"1771539195.247","1","1","-0.06","-0.02",
"1771539195.257","1","1","-0.06","0.02",
"1771539195.267","1","1","-0.06","0.07",
"1771539195.277","1","1","-0.06","0.03",
"1771539195.287","1","1","-0.06","0.02",
"1771539195.297","1","1","-0.06",,
"1771539195.298",,,,"0",
"1771539195.307","1","1","-0.06","0.06",
"1771539195.317","1","1","-0.06",,
"1771539195.318",,,,"-0.01",
"1771539195.327","1",,,,
"1771539195.328",,"1","-0.06","-0.01",
"1771539195.338","1",,,,
"1771539195.339",,"1","-0.06","0.06",
"1771539195.347","1","1","-0.06",,
"1771539195.348",,,,"-0.01",
"1771539195.357","1","1","-0.06","-0.01",
"1771539195.367","1","1","-0.06",,
"1771539195.368",,,,"0.01",
"1771539195.378","1","1","-0.06","0.04",
"1771539195.388","1","1","-0.05","-0.02",
"1771539195.398","1","1","-0.06","0.04",
"1771539195.407","1","1","-0.05","0",
"1771539195.417","1","1",,,
"1771539195.418",,,"-0.05","-0.03",
"1771539195.427","1","1","-0.05","0.02",
"1771539195.439","1",,,,
"1771539195.44",,"1","-0.05","-0.02",
"1771539195.448","1","1","-0.05","0.04",
"1771539195.458","1","1","-0.05","-0.02",
"1771539195.468","1","1","-0.05","-0.02",
"1771539195.477","1","1","-0.05","0.03",
"1771539195.487","1","1","-0.05",,
"1771539195.488",,,,"-0.02",
"1771539195.498","1","1","-0.05","-0.02",
"1771539195.508","1","1","-0.05","0.01",
"1771539195.517","1",,,,
"1771539195.518",,"1","-0.05","0",
"1771539195.527","1",,,,
"1771539195.528",,"1","-0.05","0",
"1771539195.538","1",,,,
"1771539195.539",,"1","-0.05","-0.04",
"1771539195.547","1","1","-0.05","-0.03",
"1771539195.557","1",,,,
"1771539195.558",,"1","-0.05","-0.01",
"1771539195.568","1","1","-0.05","0.01",
"1771539195.577","1","1",,,
"1771539195.578",,,"-0.04","-0.03",
"1771539195.588","1","1","-0.04","-0.02",
"1771539195.598","1","1","-0.04","-0.04",
"1771539195.607","1","1","-0.04","-0.04",
"1771539195.617","1","1","-0.04","0.01",
"1771539195.628","1","1",,,
"1771539195.629",,,"-0.04","-0.02",
"1771539195.639","1","1","-0.04","-0.04",
"1771539195.648","1","1","-0.04","-0.04",
"1771539195.658","1","1","-0.04","-0.01",
"1771539195.668","1","1","-0.04","-0.01",
"1771539195.677","1","1","-0.04","0.03",
"1771539195.687","1","1","-0.04","0.04",
"1771539195.698","1","1","-0.04","0.05",
"1771539195.708","1",,,,
"1771539195.709",,"1","-0.04","-0.04",
"1771539195.717","1","-1","-0.68","-0.04",
"1771539195.727","0.85","-1","-0.26","-19.23",
"1771539195.738","0.61","-1","-0.11","-23.56",
"1771539195.747","0.4","-1","-0.16","-18.1",
"1771539195.757","0.27","-1","-0.24","-12.18",
"1771539195.768","0.14","-1","-0.18","-13.47",
"1771539195.777","-0.03","-1","-0.02","-19.4",
"1771539195.787","-0.25","-1","0.1","-22.13",
"1771539195.797","-0.46","-1","0.09","-19.22",
"1771539195.807","-0.6","-1","-0.01","-11.91",
"1771539195.817","-0.67","-1","-0.12","-5.48",
"1771539195.827","-0.71","-1","-0.13","-4.45",
"1771539195.838","-0.77","-1","-0.1","-5.41",
"1771539195.847","-0.82","-1","-0.1","-4.56",
"1771539195.857","-0.84","-1","-0.15","-1.81",
"1771539195.867","-0.84","-1","-0.18","-0.04",
"1771539195.877","-0.85","-1","-0.17","-0.64",
"1771539195.887","-0.86","-1","-0.16","-1.13",
"1771539195.897","-0.87","-1","-0.14","-1.66",
"1771539195.907","-0.89","-1","-0.13","-2.17",
"1771539195.917","-0.91","-1","-0.14","-1.38",
"1771539195.927","-0.92","-1","-0.14","-1.06",
"1771539195.938","-0.93","-1","-0.15","-0.55",
"1771539195.947","-0.93","-1","-0.15","-0.4",
"1771539195.957","-0.94","-1","-0.15","-0.32",
"1771539195.967","-0.95","-1","-0.14","-1.15",
"1771539195.977","-0.96","-1","-0.13","-1.06",
"1771539195.987","-0.96","-1","-0.15","0.01",
"1771539195.997","-0.96","-1","-0.14","-0.49",
"1771539196.007","-0.98","-1","-0.11","-2.19",
"1771539196.017","-1","-1","-0.12","-1",
"1771539196.027","-1","-1","-0.14","0.02",
"1771539196.038","-1","-1","-0.14","-0.11",
"1771539196.047","-1","-1","-0.13","-0.73",
"1771539196.057","-1.01",,,,
"1771539196.058",,"-1","-0.14","-0.16",
"1771539196.067","-1.01","-1","-0.14","0.05",
"1771539196.077","-1.01","-1","-0.14","-0.05",
"1771539196.087","-1.01",,,,
"1771539196.088",,"-1","-0.14","0.02",
"1771539196.098","-1.01","-1","-0.14","-0.01",
"1771539196.107","-1.01","-1","-0.14",,
"1771539196.108",,,,"0",
"1771539196.118","-1.01","-1","-0.14","0.07",
"1771539196.127","-1.01","-1","-0.14",,
"1771539196.128",,,,"-0.02",
"1771539196.138","-1.01","-1","-0.13","-0.01",
"1771539196.147","-1.01","-1","-0.13","0.02",
"1771539196.158","-1.01","-1","-0.13","0.02",
"1771539196.167","-1.01","-1",,,
"1771539196.168",,,"-0.13","-0.02",
"1771539196.177","-1.01","-1","-0.13",,
"1771539196.178",,,,"0.03",
"1771539196.188","-1.01","-1","-0.13","0.03",
"1771539196.197","-1.01","-1","-0.13",,
"1771539196.198",,,,"0.01",
"1771539196.207","-1.01","-1","-0.13","0",
"1771539196.217","-1.01","-1","-0.13","0.04",
"1771539196.227","-1.01","-1","-0.13","0.01",
"1771539196.239","-1.01","-1","-0.13","0",
"1771539196.248","-1.01","-1","-0.13","-0.05",
"1771539196.258","-1.01","-1","-0.13","-0.01",
"1771539196.267","-1.01","-1","-0.12","0.02",
"1771539196.277","-1.01","-1","-0.12","-0.02",
"1771539196.287","-1.01","-1","-0.12","-0.02",
"1771539196.297","-1.01",,,,
"1771539196.298",,"-1","-0.12","-0.01",
"1771539196.307","-1.01","-1","-0.12","-0.04",
"1771539196.318","-1.01","-1","-0.12","0.02",
"1771539196.327","-1.01","-1","-0.12","0.04",
"1771539196.338","-1.01","-1","-0.12","-0.01",
"1771539196.347","-1.01","-1","-0.12","0.03",
"1771539196.357","-1.01",,,,
"1771539196.358",,"-1","-0.12","0.07",
"1771539196.368","-1.01","-1","-0.12","-0.04",
"1771539196.377","-1.01","-1","-0.12","0.04",
"1771539196.387","-1.01",,,,
"1771539196.388",,"-1","-0.11","-0.08",
"1771539196.397","-1.01","-1",,,
"1771539196.398",,,"-0.11","0.02",
"1771539196.407","-1.01","-1","-0.11","0.03",
"1771539196.417","-1.01","-1","-0.11","-0.02",
"1771539196.427","-1.01","-1",,,
"1771539196.428",,,"-0.11","-0.02",
"1771539196.439","-1.01","-1","-0.11","-0.01",
"1771539196.448","-1.01","-1","-0.11","-0.07",
"1771539196.458","-1.01","-1","-0.11","-0.01",
"1771539196.467","-1.01","-1","-0.11","-0.02",
"1771539196.477","-1.01","-1","-0.11","-0.02",
"1771539196.487","-1.01","-1","-0.11","-0.02",
"1771539196.497","-1.01",,,,
"1771539196.498",,"-1","-0.11","0.02",
"1771539196.508","-1.01","-1","-0.11","-0.01",
"1771539196.518","-1.01","-1","-0.11","0.01",
"1771539196.527","-1.01","-1","-0.1","-0.01",
"1771539196.538","-1.01","-1","-0.1","0.01",
"1771539196.547","-1.01","-1",,,
"1771539196.548",,,"-0.1","-0.07",
"1771539196.558","-1.01","-1","-0.1","0.04",
"1771539196.568","-1.01","-1","-0.1","0.03",
"1771539196.577","-1.01",,,,
"1771539196.578",,"-1","-0.1","0.02",
"1771539196.588","-1.01","-1","-0.1","-0.02",
"1771539196.597","-1.01","-1","-0.1",,
"1771539196.598",,,,"0.03",
"1771539196.607","-1.01","-1","-0.1","-0.01",
"1771539196.617","-1.01","-1","-0.1","0.03",
"1771539196.628","-1.01","-1","-0.1","-0.01",
"1771539196.638","-1.01","-1","-0.1","0.02",
"1771539196.648","-1.01","-1","-0.09","-0.02",
"1771539196.657","-1.01",,,,
"1771539196.658",,"-1","-0.09","0.03",
"1771539196.667","-1.01","-1","-0.09","-0.01",
"1771539196.677","-1.01","-1","-0.09","0.03",
"1771539196.687","-1.01","-1","-0.09",,
"1771539196.688",,,,"-0.03",
"1771539196.697","-1.01","-1","-0.09","0.05",
"1771539196.707","-1.01",,,,
"1771539196.708",,"-1","-0.09","0",
"1771539196.718","-1","1","0.58","0.64",
"1771539196.727","-0.88","1","0.22","18.96",
"1771539196.738","-0.58","1","-0.11","31.63",
"1771539196.747","-0.28","1","-0.12","27.8",
"1771539196.757","-0.08","1","0.06","16.48",
"1771539196.767","0.03","1","0.15","10.52",
"1771539196.777","0.15","1","0.07","12.86",
"1771539196.787","0.32","1","-0.1","19",
"1771539196.797","0.54","1","-0.23","22.36",
"1771539196.807","0.74","1","-0.19","17.66",
"1771539196.817","0.86","1","-0.06","9.71",
"1771539196.827","0.91","1","0.04","3.99",
"1771539196.838","0.94","1","0.06","2.69",
"1771539196.847","0.96","1","0.05","2.82",
"1771539196.857","1","1","0.03","3.49",
"1771539196.867","1.04","1","0.01","3.93",
"1771539196.877","1.07","1","0.01","3.05",
"1771539196.887","1.09","1","0.02",,
"1771539196.888",,,,"1.7",
"1771539196.897","1.1",,,,
"1771539196.898",,"1","0.04","0.14",
"1771539196.908","1.1","1","0.03","0.19",
"1771539196.918","1.1","1","0.01","0.5",
"1771539196.927","1.1","1","0.01","-0.28",
"1771539196.938","1.1","1","-0.01","0.09",
"1771539196.947","1.1","1","-0.02","-0.06",
"1771539196.957","1.1",,,,
"1771539196.958",,"1","-0.03","-0.12",
"1771539196.967","1.1","1",,,
"1771539196.968",,,"-0.04","-0.03",
"1771539196.977","1.1","1","-0.05","-0.32",
"1771539196.987","1.1","1",,,
"1771539196.988",,,"-0.05","-0.61",
"1771539196.997","1.08","1","-0.04","-1.37",
"1771539197.007","1.07","1","-0.04","-1.6",
"1771539197.017","1.05","1","-0.04","-1.94",
"1771539197.027","1.03","1","-0.03","-2.36",
"1771539197.038","1.01",,,,
"1771539197.039",,"1","-0.05","-1.56",
"1771539197.048","1","1","-0.08","0.02",
"1771539197.057","1","1",,,
"1771539197.058",,,"-0.08","-0.13",
"1771539197.067","1","1","-0.07","-0.43",
"1771539197.077","1","1","-0.07","-0.43",
"1771539197.087","1",,,,
"1771539197.088",,"1","-0.08","-0.03",
"1771539197.097","1",,,,
"1771539197.098",,"1","-0.08","-0.01",
"1771539197.107","1",,,,
"1771539197.108",,"1","-0.07","-0.01",
"1771539197.118","1","1","-0.07","-0.04",
"1771539197.127","1","1","-0.07","0.02",
"1771539197.138","1","1","-0.07",,
"1771539197.139",,,,"-0.04",
"1771539197.149","1","1","-0.07","-0.03",
"1771539197.158","1","1","-0.07","0.03",
"1771539197.168","1","1","-0.07","-0.05",
"1771539197.177","1",,,,
"1771539197.178",,"1","-0.07","0",
"1771539197.187","1",,,,
"1771539197.188",,"1","-0.07","0",
"1771539197.197","1","1","-0.07",,
"1771539197.198",,,,"0",
"1771539197.207","1","1","-0.07","0.02",
"1771539197.218","1","1","-0.07","-0.04",
"1771539197.227","1",,,,
"1771539197.228",,"1","-0.07","0.02",
"1771539197.239","1","1","-0.07","0.04",
"1771539197.248","1","1","-0.07","0.01",
"1771539197.257","1","1","-0.07","0.02",
"1771539197.267","1","1",,,
"1771539197.268",,,"-0.07","0.03",
"1771539197.277","1","1","-0.07","0",
"1771539197.288","1","1","-0.07","0",
"1771539197.298","1",,,,
"1771539197.299",,"1","-0.06","-0.03",
"1771539197.308","1","1","-0.07","0.04",
"1771539197.317","1",,,,
"1771539197.318",,"1","-0.06","-0.02",
"1771539197.327","1","1","-0.06","-0.04",
"1771539197.338","1","1","-0.07","0.09",
"1771539197.347","1","1","-0.06","0.04",
"1771539197.358","1","1","-0.06","-0.03",
"1771539197.368","1","1","-0.06","0.07",
"1771539197.377","1",,,,
"1771539197.378",,"1","-0.06","-0.01",
"1771539197.387","1",,,,
"1771539197.388",,"1","-0.06","0.02",
"1771539197.397","1","1","-0.06","0.06",
"1771539197.407","1",,,,
"1771539197.408",,"1","-0.06","-0.01",
"1771539197.418","1","1","-0.06","0",
"1771539197.427","1",,,,
"1771539197.428",,"1","-0.06","-0.01",
"1771539197.439","1","1","-0.06","0.05",
"1771539197.448","1","1","-0.06","0",
"1771539197.457","1","1","-0.06","-0.03",
"1771539197.467","1","1","-0.06","-0.02",
"1771539197.478","1","1","-0.06","-0.03",
"1771539197.488","1","1","-0.06","-0.01",
"1771539197.497","1",,,,
"1771539197.498",,"1","-0.06","0.01",
"1771539197.508","1","1","-0.05","-0.03",
"1771539197.517","1","1","-0.06","0.06",
"1771539197.527","1","1","-0.05","0.01",
"1771539197.539","1","1","-0.05","0",
"1771539197.547","1",,,,
"1771539197.548",,"1","-0.05","0.01",
"1771539197.557","1",,,,
"1771539197.558",,"1","-0.05","-0.07",
"1771539197.568","1","1","-0.05",,
"1771539197.569",,,,"-0.04",
"1771539197.577","1",,,,
"1771539197.578",,"1","-0.05","0.04",
"1771539197.587","1",,,,
"1771539197.588",,"1","-0.05","0.01",
"1771539197.597","1","1","-0.05","0.01",
"1771539197.608","1","1","-0.05","0.01",
"1771539197.618","1","1","-0.05","0.03",
"1771539197.627","1",,,,
"1771539197.628",,"1","-0.05","0.06",
"1771539197.639","1","1","-0.05","-0.04",
"1771539197.647","1","1","-0.05","-0.03",
"1771539197.657","1","1","-0.05","-0.03",
"1771539197.667","1","1","-0.05","-0.04",
"1771539197.678","1","1","-0.05",,
"1771539197.679",,,,"0.03",
"1771539197.688","1","1","-0.05","0.02",
"1771539197.698","1","1","-0.05","0.03",
"1771539197.708","1","1","-0.05","0",
"1771539197.717","1","-1","-0.68","-0.17",
"1771539197.727","0.89","-1","-0.32","-16.78",
"1771539197.738","0.65","-1","-0.1","-24.5",
"1771539197.747","0.42","-1","-0.11","-20.77",
"1771539197.757","0.27","-1","-0.22","-13.32",
"1771539197.767","0.15","-1","-0.21","-12.36",
"1771539197.777","0","-1","-0.07","-17",
"1771539197.787","-0.21","-1","0.05","-20.66",
"1771539197.797","-0.41","-1","0.1","-20.11",
"1771539197.807","-0.59","-1","0.05","-15.5",
"1771539197.817","-0.7","-1","-0.05","-8.87",
"1771539197.827","-0.75","-1","-0.11","-5.26",
"1771539197.838","-0.8","-1","-0.11","-4.38",
"1771539197.847","-0.84","-1","-0.1","-4.45",
"1771539197.857","-0.88","-1","-0.12","-2.76",
"1771539197.867","-0.89","-1","-0.15","-1.29",
"1771539197.877","-0.9","-1","-0.15","-0.76",
"1771539197.887","-0.91","-1","-0.15","-0.76",
"1771539197.897","-0.92","-1","-0.14","-1.43",
"1771539197.907","-0.94","-1","-0.14","-1.26",
"1771539197.917","-0.95","-1","-0.13","-1.6",
"1771539197.927","-0.97","-1","-0.12","-1.54",
"1771539197.938","-0.99","-1","-0.11","-2.01",
"1771539197.947","-1","-1","-0.13","-0.84",
"1771539197.957","-1","-1","-0.14","-0.22",
"1771539197.967","-1","-1","-0.13","-0.47",
"1771539197.977","-1.01","-1","-0.14","-0.08",
"1771539197.987","-1.01","-1","-0.14","-0.04",
"1771539197.997","-1.01","-1","-0.14","0",
"1771539198.008","-1.01","-1","-0.14","0.07",
"1771539198.017","-1.01","-1","-0.14",,
"1771539198.018",,,,"0.01",
"1771539198.027","-1.01","-1","-0.14","0.02",
"1771539198.038","-1.01","-1",,,
"1771539198.039",,,"-0.14","0.01",
"1771539198.047","-1.01","-1",,,
"1771539198.048",,,"-0.13","0.03",
"1771539198.057","-1.01","-1",,,
"1771539198.058",,,"-0.13","0.02",
"1771539198.067","-1.01","-1","-0.13",,
"1771539198.068",,,,"0",
"1771539198.077","-1.01","-1","-0.13","-0.01",
"1771539198.088","-1.01","-1","-0.13","0",
"1771539198.097","-1.01",,,,
"1771539198.098",,"-1","-0.13","-0.02",
"1771539198.108","-1.01","-1","-0.13","0.02",
"1771539198.117","-1.01","-1","-0.13","0",
"1771539198.127","-1.01","-1","-0.13","-0.02",
"1771539198.138","-1.01","-1","-0.13","-0.01",
"1771539198.147","-1.01","-1","-0.13","0.02",
"1771539198.158","-1.01","-1","-0.12","0.04",
"1771539198.168","-1.01","-1","-0.12","0",
"1771539198.177","-1.01","-1","-0.12","0.04",
"1771539198.187","-1.01","-1","-0.12","0.01",
"1771539198.197","-1.01","-1","-0.12","-0.01",
"1771539198.208","-1.01","-1",,,
"1771539198.209",,,"-0.12","-0.04",
"1771539198.217","-1.01","-1","-0.12",,
"1771539198.218",,,,"-0.01",
"1771539198.227","-1.01",,,,
"1771539198.228",,"-1","-0.12","-0.02",
"1771539198.239","-1.01",,,,
"1771539198.24",,"-1","-0.12","0.03",
"1771539198.247","-1.01","-1","-0.11",,
"1771539198.248",,,,"-0.05",
"1771539198.257","-1.01","-1","-0.11","0.01",
"1771539198.267","-1.01","-1","-0.11","0.01",
"1771539198.277","-1.01","-1","-0.11","0.01",
"1771539198.288","-1.01","-1","-0.11","0",
"1771539198.297","-1.01",,,,
"1771539198.298",,"-1","-0.11","-0.04",
"1771539198.307","-1.01",,,,
"1771539198.308",,"-1","-0.11","0.03",
"1771539198.317","-1.01","-1","-0.11","-0.03",
"1771539198.327","-1.01","-1","-0.11","0.02",
"1771539198.338","-1.01","-1","-0.11","0.03",
"1771539198.347","-1.01","-1","-0.11","-0.02",
"1771539198.358","-1.01","-1","-0.11","0.01",
"1771539198.368","-1.01","-1","-0.11","0.04",
"1771539198.377","-1.01",,,,
"1771539198.378",,"-1","-0.1","0",
"1771539198.387","-1.01","-1",,,
"1771539198.388",,,"-0.1","0.03",
"1771539198.397","-1.01","-1","-0.1",,
"1771539198.398",,,,"-0.03",
"1771539198.407","-1.01",,,,
"1771539198.408",,"-1","-0.1","0.04",
"1771539198.418","-1.01","-1","-0.1","-0.01",
"1771539198.427","-1.01",,,,
"1771539198.428",,"-1","-0.1","-0.04",
"1771539198.439","-1.01","-1","-0.1","-0.06",
"1771539198.447","-1.01","-1","-0.1","0",
"1771539198.457","-1.01","-1","-0.1","0",
"1771539198.467","-1.01","-1",,,
"1771539198.468",,,"-0.1","-0.01",
"1771539198.477","-1.01",,,,
"1771539198.478",,"-1","-0.09","0.02",
"1771539198.488","-1.01","-1","-0.09","0.02",
"1771539198.498","-1.01",,,,
"1771539198.499",,"-1","-0.09","0.01",
"1771539198.507","-1.01",,,,
"1771539198.508",,"-1","-0.09","0.05",
"1771539198.517","-1.01","-1","-0.09","-0.05",
"1771539198.527","-1.01","-1","-0.09","0.06",
"1771539198.538","-1.01",,,,
"1771539198.539",,"-1","-0.09","0.01",
"1771539198.547","-1.01",,,,
"1771539198.548",,"-1","-0.09","-0.03",
"1771539198.557","-1.01",,,,
"1771539198.558",,"-1","-0.09","0.04",
"1771539198.567","-1.01",,,,
"1771539198.568",,"-1","-0.09","0.01",
"1771539198.577","-1.01",,,,
"1771539198.578",,"-1","-0.09","0.02",
"1771539198.587","-1.01","-1","-0.09","0.02",
"1771539198.597","-1.01","-1",,,
"1771539198.598",,,"-0.08","0",
"1771539198.609","-1.01","-1","-0.08","-0.07",
"1771539198.617","-1.01","-1","-0.08","0.01",
"1771539198.627","-1.01",,,,
"1771539198.628",,"-1","-0.08","0.04",
"1771539198.638","-1.01",,,,
"1771539198.639",,"-1","-0.08","0.02",
"1771539198.647","-1.01","-1","-0.08",,
"1771539198.648",,,,"-0.06",
"1771539198.657","-1.01","-1","-0.08","0.05",
"1771539198.667","-1.01","-1",,,
"1771539198.668",,,"-0.08","0.01",
"1771539198.678","-1.01",,,,
"1771539198.679",,"-1","-0.08","-0.03",
"1771539198.688","-1.01","-1","-0.08",,
"1771539198.689",,,,"0.05",
"1771539198.698","-1.01","-1","-0.07","-0.07",
"1771539198.707","-1.01",,,,
"1771539198.708",,"-1","-0.07","-0.04",
"1771539198.717","-1.01","1","0.56","-0.04",
"1771539198.727","-0.92","1","0.3","15.78",
"1771539198.738","-0.64","1","-0.06","30.08",
"1771539198.747","-0.32","1","-0.15","30.25",
"1771539198.757","-0.09","1","-0.02","20.57",
"1771539198.767","0.05","1","0.1","12.39",
"1771539198.777","0.16","1","0.11","10.63",
"1771539198.787","0.29","1","0","14.2",
"1771539198.797","0.47","1","-0.12","18.04",
"1771539198.807","0.65","1","-0.17","17.79",
"1771539198.817","0.8","1","-0.12","13.45",
"1771539198.827","0.9","1","-0.04","8.35",
"1771539198.838","0.96","1","0.01","5.01",
"1771539198.847","0.99","1","0.03","3.42",
"1771539198.857","1.03","1","0.02","3.59",
"1771539198.867","1.06","1","0.02",,
"1771539198.868",,,,"3.03",
"1771539198.877","1.09","1","0.01","2.67",
"1771539198.888","1.1","1",,,
"1771539198.889",,,"0.02","1.21",
"1771539198.897","1.1",,,,
"1771539198.898",,"1","0.04","-0.37",
"1771539198.907","1.1","1","0.02","0.2",
"1771539198.917","1.1","1","0.01","-0.16",
"1771539198.927","1.1","1","0","0.02",
"1771539198.939","1.1","1","-0.01","-0.08",
"1771539198.947","1.1",,,,
"1771539198.948",,"1","-0.03","-0.09",
"1771539198.958","1.1","1","-0.04","-0.11",
"1771539198.967","1.1",,,,
"1771539198.968",,"1","-0.05","-0.19",
"1771539198.977","1.1","1","-0.05","-0.68",
"1771539198.987","1.08","1","-0.04","-1.52",
"1771539198.998","1.06","1","-0.04","-1.63",
"1771539199.008","1.05",,,,
"1771539199.009",,"1","-0.05","-1.45",
"1771539199.017","1.04","1","-0.06","-1",
"1771539199.027","1.03","1","-0.05","-1.48",
"1771539199.038","1.01","1","-0.06","-0.83",
"1771539199.047","1.01","1","-0.07","-0.48",
"1771539199.057","1","1",,,
"1771539199.058",,,"-0.07","-0.34",
"1771539199.067","1","1","-0.07","-0.35",
"1771539199.077","1","1","-0.07","-0.27",
"1771539199.087","1","1",,,
"1771539199.088",,,"-0.08","0.04",
"1771539199.097","1","1",,,
"1771539199.098",,,"-0.08","0.01",
"1771539199.107","1","1","-0.08","-0.03",
"1771539199.117","1","1","-0.08","-0.07",
"1771539199.127","1","1","-0.08","0",
"1771539199.139","1","1","-0.08","-0.07",
"1771539199.147","1","1","-0.08",,
"1771539199.148",,,,"0.05",
"1771539199.158","1","1","-0.08","0.02",
"1771539199.167","1","1",,,
"1771539199.168",,,"-0.08","0.03",
"1771539199.177","1","1","-0.08","-0.01",
"1771539199.188","1","1",,,
"1771539199.189",,,"-0.08","-0.03",
"1771539199.198","1","1","-0.08","-0.01",
"1771539199.208","1","1","-0.08","0",
"1771539199.217","1",,,,
"1771539199.218",,"1","-0.07","-0.01",
"1771539199.227","1","1","-0.07","-0.02",
"1771539199.238","1","1","-0.08","0.04",
"1771539199.247","1","1","-0.07","-0.03",
"1771539199.258","1","1","-0.07","0.01",
"1771539199.267","1",,,,
"1771539199.268",,"1","-0.07","-0.04",
"1771539199.277","1","1","-0.07","0.01",
"1771539199.287","1",,,,
"1771539199.288",,"1","-0.07","-0.01",
"1771539199.297","1","1","-0.07","-0.01",
"1771539199.307","1","1","-0.07","0.02",
"1771539199.317","1","1","-0.07",,
"1771539199.318",,,,"-0.04",
"1771539199.327","1","1","-0.07","0",
"1771539199.338","1",,,,
"1771539199.339",,"1","-0.07","-0.05",
"1771539199.348","1","1","-0.07","0.05",
"1771539199.358","1","1","-0.07","0",
"1771539199.367","1","1","-0.07","-0.03",
"1771539199.377","1","1","-0.07","0.02",
"1771539199.387","1","1","-0.07","0.01",
"1771539199.397","1",,,,
"1771539199.398",,"1","-0.07","0.03",
"1771539199.408","1","1","-0.07","0.01",
"1771539199.418","1","1","-0.07","-0.03",
"1771539199.427","1","1",,,
"1771539199.428",,,"-0.07","-0.02",
"1771539199.438","1","1","-0.07","-0.03",
"1771539199.447","1","1","-0.07","0.03",
"1771539199.458","1","1","-0.07","0.03",
"1771539199.467","1","1","-0.07",,
"1771539199.468",,,,"0",
"1771539199.477","1",,,,
"1771539199.478",,"1","-0.07","0.05",
"1771539199.488","1","1","-0.06","0",
"1771539199.497","1","1",,,
"1771539199.498",,,"-0.06","-0.02",
"1771539199.507","1","1","-0.06","-0.01",
"1771539199.517","1",,,,
"1771539199.518",,"1","-0.06","-0.02",
"1771539199.528","1","1","-0.06","0.02",
"1771539199.539","1","1","-0.06","-0.03",
"1771539199.548","1","1","-0.06","0.05",
"1771539199.558","1","1","-0.06","-0.05",
"1771539199.567","1","1","-0.06","-0.02",
"1771539199.577","1",,,,
"1771539199.578",,"1","-0.06","0.04",
"1771539199.588","1","1","-0.06","0",
"1771539199.598","1","1","-0.06","0",
"1771539199.607","1",,,,
"1771539199.608",,"1","-0.06","-0.04",
"1771539199.618","1","1","-0.06","-0.03",
"1771539199.627","1","1","-0.06",,
"1771539199.628",,,,"0.01",
"1771539199.638","1","1","-0.06","0.01",
"1771539199.647","1","1","-0.06","-0.04",
"1771539199.658","1","1","-0.06","0",
"1771539199.668","1","1","-0.06","0.03",
"1771539199.677","1","1",,,
"1771539199.678",,,"-0.06","0",
"1771539199.688","1","1","-0.06","-0.05",
"1771539199.697","1",,,,
"1771539199.698",,"1","-0.06","0.06",
"1771539199.707","1","1","-0.06","0",
"1771539199.718","1","-1","-0.67","-0.03",
"1771539199.727","0.92","-1","-0.4","-13.26",
"1771539199.738","0.7","-1","-0.13","-23.61",
"1771539199.747","0.46","-1","-0.09","-22.55",
"1771539199.757","0.29","-1","-0.19","-14.96",
"1771539199.767","0.17","-1","-0.22","-11.85",
"1771539199.777","0.03","-1","-0.12","-15.27",
"1771539199.787","-0.16","-1","0.02","-19.85",
"1771539199.797","-0.36","-1","0.08","-19.94",
"1771539199.807","-0.54","-1","0.06","-16.28",
"1771539199.817","-0.66","-1","-0.03","-10.49",
"1771539199.827","-0.73","-1","-0.09","-6.31",
"1771539199.838","-0.79","-1","-0.1","-5.3",
"1771539199.847","-0.84","-1","-0.09","-4.66",
"1771539199.857","-0.87","-1","-0.12","-2.93",
"1771539199.867","-0.89","-1","-0.14","-1.77",
"1771539199.877","-0.91","-1","-0.15","-1.03",
"1771539199.887","-0.91","-1","-0.16","-0.5",
"1771539199.897","-0.92","-1","-0.13","-1.54",
"1771539199.907","-0.94","-1","-0.13","-1.35",
"1771539199.917","-0.95","-1","-0.12","-1.78",
"1771539199.927","-0.97","-1","-0.12","-1.49",
"1771539199.938","-0.99","-1","-0.12","-1.59",
"1771539199.947","-1","-1","-0.13","-0.73",
"1771539199.957","-1","-1","-0.14","-0.31",
"1771539199.967","-1.01","-1","-0.13","-0.55",
"1771539199.977","-1.01","-1","-0.14","-0.01",
"1771539199.987","-1.01","-1","-0.14","-0.03",
"1771539199.998","-1.01","-1","-0.14","-0.02",
"1771539200.007","-1.01","-1",,,
"1771539200.008",,,"-0.14","0.02",
"1771539200.017","-1.01",,,,
"1771539200.018",,"-1","-0.14","-0.04",
"1771539200.027","-1.01","-1","-0.14","-0.03",
"1771539200.038","-1.01","-1","-0.14","0.03",
"1771539200.047","-1.01","-1","-0.13","-0.01",
"1771539200.057","-1.01",,,,
"1771539200.058",,"-1","-0.13","0.05",
"1771539200.068","-1.01","-1","-0.13","0.03",
"1771539200.077","-1.01","-1","-0.13","0.03",
"1771539200.088","-1.01","-1","-0.13","-0.02",
"1771539200.097","-1.01","-1","-0.13","0.1",
"1771539200.107","-1.01","-1","-0.13","0.01",
"1771539200.117","-1.01","-1","-0.13","0.06",
"1771539200.127","-1.01","-1","-0.13","0",
"1771539200.139","-1.01","-1","-0.13","-0.04",
"1771539200.147","-1.01","-1","-0.12","-0.03",
"1771539200.157","-1.01","-1","-0.12",,
"1771539200.158",,,,"0.01",
"1771539200.167","-1.01","-1","-0.12","0",
"1771539200.177","-1.01","-1","-0.12","0.03",
"1771539200.188","-1.01","-1","-0.12","-0.06",
"1771539200.198","-1.01","-1","-0.12","0.01",
"1771539200.208","-1.01","-1","-0.12","-0.02",
"1771539200.218","-1.01",,,,
"1771539200.219",,"-1","-0.12","-0.05",
"1771539200.227","-1.01","-1","-0.12",,
"1771539200.228",,,,"-0.05",
"1771539200.238","-1.01","-1","-0.12","0.01",
"1771539200.247","-1.01","-1","-0.12",,
"1771539200.248",,,,"-0.02",
"1771539200.258","-1.01","-1","-0.12","0.02",
"1771539200.268","-1.01","-1","-0.11","0.01",
"1771539200.277","-1.01","-1","-0.11","-0.02",
"1771539200.287","-1.01",,,,
"1771539200.288",,"-1","-0.11","-0.01",
"1771539200.297","-1.01","-1","-0.11","-0.01",
"1771539200.307","-1.01","-1","-0.11","0.02",
"1771539200.317","-1.01","-1",,,
"1771539200.318",,,"-0.11","0",
"1771539200.328","-1.01",,,,
"1771539200.329",,"-1","-0.11","0.04",
"1771539200.339","-1.01",,,,
"1771539200.34",,"-1","-0.11","0.04",
"1771539200.348","-1.01","-1","-0.11","0.02",
"1771539200.357","-1.01",,,,
"1771539200.358",,"-1","-0.11","0",
"1771539200.367","-1.01","-1","-0.11",,
"1771539200.368",,,,"-0.02",
"1771539200.377","-1.01","-1","-0.1",,
"1771539200.378",,,,"0.02",
"1771539200.387","-1.01",,,,
"1771539200.388",,"-1","-0.1","0.03",
"1771539200.398","-1.01","-1","-0.1","0.02",
"1771539200.408","-1.01","-1","-0.1","0.01",
"1771539200.418","-1.01","-1","-0.1","0",
"1771539200.427","-1.01","-1","-0.1",,
"1771539200.428",,,,"-0.02",
"1771539200.438","-1.01","-1","-0.1",,
"1771539200.439",,,,"-0.03",
"1771539200.447","-1.01","-1",,,
"1771539200.448",,,"-0.1","0.01",
"1771539200.457","-1.01","-1",,,
"1771539200.458",,,"-0.1","0.03",
"1771539200.467","-1.01",,,,
"1771539200.468",,"-1","-0.1","0",
"1771539200.478","-1.01","-1",,,
"1771539200.479",,,"-0.1","0",
"1771539200.487","-1.01",,,,
"1771539200.488",,"-1","-0.09","-0.01",
"1771539200.497","-1.01","-1",,,
"1771539200.498",,,"-0.1","0.06",
"1771539200.507","-1.01","-1","-0.09","0",
"1771539200.517","-1.01",,,,
"1771539200.518",,"-1","-0.09","-0.04",
"1771539200.528","-1.01",,,,
"1771539200.529",,"-1","-0.09","0",
"1771539200.539","-1.01","-1","-0.09","-0.01",
"1771539200.547","-1.01",,,,
"1771539200.548",,"-1","-0.09","0",
"1771539200.557","-1.01",,,,
"1771539200.558",,"-1","-0.09","-0.06",
"1771539200.567","-1.01","-1","-0.09","0.04",
"1771539200.577","-1.01","-1","-0.09",,
"1771539200.578",,,,"-0.02",
"1771539200.587","-1.01",,,,
"1771539200.588",,"-1","-0.09","-0.04",
"1771539200.597","-1.01",,,,
"1771539200.598",,"-1","-0.09","0",
"1771539200.608","-1.01","-1","-0.08","-0.03",
"1771539200.617","-1.01",,,,
"1771539200.618",,"-1","-0.09","0.03",
"1771539200.627","-1.01","-1","-0.08","-0.03",
"1771539200.638","-1.01","-1","-0.08","0.04",
"1771539200.647","-1.01","-1","-0.08","0.05",
"1771539200.658","-1.01","-1","-0.08","-0.02",
"1771539200.667","-1.01","-1",,,
"1771539200.668",,,"-0.08","0",
"1771539200.677","-1.01","-1","-0.08","-0.03",
"1771539200.687","-1.01",,,,
"1771539200.688",,"-1","-0.08","-0.04",
"1771539200.697","-1.01","-1","-0.08",,
"1771539200.698",,,,"-0.01",
"1771539200.707","-1.01","-1","-0.08","0.01",
"1771539200.718","-1.01",,,,
"1771539200.719",,"1","0.51","0",
"1771539200.727","-0.96","1","0.42","10.48",
"1771539200.738","-0.73","1","0.02","27.04",
"1771539200.747","-0.41","1","-0.14","30.8",
"1771539200.757","-0.17","1","-0.01","20.77",
"1771539200.767","-0.03","1","0.14","11.58",
"1771539200.777","0.08","1","0.12","11.45",
"1771539200.787","0.23","1","-0.04","17",
"1771539200.797","0.44","1","-0.2","22.35",
"1771539200.807","0.66","1","-0.21","20.13",
"1771539200.817","0.81","1","-0.11","12.71",
"1771539200.827","0.88","1","0.01","5.63",
"1771539200.838","0.91","1","0.07","2.7",
"1771539200.847","0.94","1","0.05","3.19",
"1771539200.857","0.98","1","0.02","3.87",
"1771539200.867","1.02","1","0","4.6",
"1771539200.877","1.06","1","0.01","3.22",
"1771539200.887","1.08","1","0.02","2.04",
"1771539200.897","1.09","1","0.04","0.63",
"1771539200.907","1.09",,,,
"1771539200.908",,"1","0.04","0.01",
"1771539200.917","1.09",,,,
"1771539200.918",,"1","0.03","-0.01",
"1771539200.927","1.09","1","0.02","0.02",
"1771539200.938","1.09",,,,
"1771539200.939",,"1","0.01","-0.06",
"1771539200.947","1.09","1","0","-0.05",
"1771539200.957","1.09","1","-0.01","-0.12",
"1771539200.967","1.09","1","-0.03","0.02",
"1771539200.977","1.09","1","-0.04","-0.07",
"1771539200.988","1.09","1",,,
"1771539200.989",,,"-0.05","-0.16",
"1771539200.998","1.09","1","-0.05","-0.34",
"1771539201.007","1.08","1","-0.04","-1.25",
"1771539201.017","1.07","1","-0.05","-0.96",
"1771539201.027","1.06","1","-0.07","-0.33",
"1771539201.038","1.05","1","-0.06","-1.3",
"1771539201.047","1.04",,,,
"1771539201.048",,"1","-0.06","-1.38",
"1771539201.058","1.02","1","-0.05","-1.74",
"1771539201.068","1.01","1","-0.07","-0.83",
"1771539201.077","1","1","-0.08","-0.4",
"1771539201.087","1","1","-0.07","-0.52",
"1771539201.097","0.99","1","-0.08","-0.36",
"1771539201.107","0.99","1","-0.08","-0.01",
"1771539201.117","0.99","1","-0.08","0.06",
"1771539201.127","0.99","1","-0.08","0.03",
"1771539201.138","0.99","1","-0.08",,
"1771539201.139",,,,"0.01",
"1771539201.147","0.99","1","-0.08","0.01",
"1771539201.157","0.99","1","-0.08","0",
"1771539201.167","0.99",,,,
"1771539201.168",,"1","-0.08","0.02",
"1771539201.177","0.99","1","-0.08","0",
"1771539201.188","0.99","1","-0.08","0.03",
"1771539201.199","0.99","1","-0.08","0.02",
"1771539201.208","0.99","1","-0.08","-0.03",
"1771539201.217","0.99","1","-0.08","0",
"1771539201.227","0.99","1","-0.07","0",
"1771539201.239","0.99",,,,
"1771539201.24",,"1","-0.07","0.03",
"1771539201.248","0.99","1","-0.07","-0.02",
"1771539201.258","0.99","1","-0.07","-0.03",
"1771539201.268","0.99","1","-0.07","-0.01",
"1771539201.277","0.99",,,,
"1771539201.278",,"1","-0.07","-0.01",
"1771539201.287","0.99","1","-0.07","0.03",
"1771539201.297","0.99","1","-0.07","0.04",
"1771539201.308","0.99","1","-0.07",,
"1771539201.309",,,,"0",
"1771539201.317","0.99",,,,
"1771539201.318",,"1","-0.07","0.02",
"1771539201.327","0.99",,,,
"1771539201.328",,"1","-0.07","0",
"1771539201.339","0.99","1","-0.07","-0.01",
"1771539201.347","0.99",,,,
"1771539201.348",,"1","-0.07","-0.04",
"1771539201.357","0.99","1","-0.07","-0.01",
"1771539201.368","1","1","-0.07","0.09",
"1771539201.378","0.99","1","-0.07",,
"1771539201.379",,,,"0.01",
"1771539201.388","0.99","1",,,
"1771539201.389",,,"-0.06","-0.03",
"1771539201.398","1","1","-0.07","0.06",
"1771539201.408","0.99",,,,
"1771539201.409",,"1","-0.06","-0.04",
"1771539201.417","0.99","1","-0.06",,
"1771539201.418",,,,"-0.02",
"1771539201.427","0.99","1","-0.06","-0.01",
"1771539201.439","1","1","-0.06","0.03",
"1771539201.448","0.99",,,,
"1771539201.449",,"1","-0.06","-0.02",
"1771539201.458","1","1","-0.06","0.03",
"1771539201.468","1","1","-0.06","0.05",
"1771539201.477","0.99",,,,
"1771539201.478",,"1","-0.06","0.01",
"1771539201.487","0.99","1","-0.06",,
"1771539201.488",,,,"-0.06",
"1771539201.497","0.99","1","-0.06",,
"1771539201.498",,,,"-0.05",
"1771539201.507","0.99","1","-0.06","-0.05",
"1771539201.517","1",,,,
"1771539201.518",,"1","-0.06","0.01",
"1771539201.528","1",,,,
"1771539201.529",,"1","-0.06","-0.01",
"1771539201.539","1",,,,
"1771539201.54",,"1","-0.06","0.03",
"1771539201.547","1","1","-0.06","0.01",
"1771539201.557","1","1","-0.05",,
"1771539201.558",,,,"0.02",
"1771539201.567","1","1","-0.06","0.07",
"1771539201.578","0.99","1","-0.05","-0.04",
"1771539201.589","1","1","-0.05","-0.01",
"1771539201.597","0.99",,,,
"1771539201.598",,"1","-0.05","-0.02",
"1771539201.607","1",,,,
"1771539201.608",,"1","-0.05","0.05",
"1771539201.617","1","1","-0.05","0.01",
"1771539201.627","1","1","-0.05","0.03",
"1771539201.638","1","1","-0.05","0.01",
"1771539201.648","1","1","-0.05","0.02",
"1771539201.658","1","1",,,
"1771539201.659",,,"-0.05","0",
"1771539201.668","1","1","-0.05","0",
"1771539201.677","1",,,,
"1771539201.678",,"1","-0.05","-0.02",
"1771539201.687","1","1","-0.05","0.03",
"1771539201.697","1","1","-0.05",,
"1771539201.698",,,,"0.06",
"1771539201.707","1",,,,
"1771539201.708",,"1","-0.05","-0.03",
"1771539201.718","1","-1","-0.61",,
"1771539201.719",,,,"-0.03",
"1771539201.727","0.96","-1","-0.5","-8.71",
"1771539201.738","0.77","-1","-0.18","-21.9",
"1771539201.747","0.52","-1","-0.1","-22.91",
"1771539201.757","0.34","-1","-0.19","-16.02",
"1771539201.767","0.21","-1","-0.23","-12.16",
"1771539201.777","0.08","-1","-0.13","-15.33",
"1771539201.787","-0.12","-1","0.03","-20.47",
"1771539201.797","-0.33","-1","0.1","-21.11",
"1771539201.807","-0.52","-1","0.08","-17.67",
"1771539201.817","-0.65","-1","-0.02","-10.91",
"1771539201.827","-0.72","-1","-0.11","-5.37",
"1771539201.838","-0.76","-1","-0.12","-4.37",
"1771539201.847","-0.8","-1","-0.12","-4.1",
"1771539201.857","-0.84","-1","-0.11","-3.58",
"1771539201.867","-0.86","-1","-0.15","-1.57",
"1771539201.877","-0.87","-1","-0.16","-0.83",
"1771539201.887","-0.88","-1","-0.15","-1.36",
"1771539201.897","-0.91","-1","-0.12","-2.42",
"1771539201.907","-0.93","-1","-0.13","-1.72",
"1771539201.917","-0.93","-1","-0.15","-0.42",
"1771539201.927","-0.94","-1","-0.16","-0.19",
"1771539201.938","-0.94","-1","-0.14","-0.91",
"1771539201.947","-0.96","-1","-0.12","-1.8",
"1771539201.957","-0.97","-1","-0.12","-1.53",
"1771539201.967","-0.98","-1","-0.14","-0.29",
"1771539201.977","-0.98","-1","-0.15","-0.05",
"1771539201.987","-0.98","-1","-0.15","-0.1",
"1771539201.997","-0.99","-1","-0.14","-0.27",
"1771539202.007","-0.99","-1","-0.13","-0.66",
"1771539202.017","-1","-1","-0.14","-0.15",
"1771539202.027","-1","-1","-0.14","-0.06",
"1771539202.038","-1","-1","-0.14","-0.01",
"1771539202.047","-1","-1","-0.14","-0.12",
"1771539202.057","-1","-1","-0.14","-0.21",
"1771539202.067","-1","-1","-0.14","-0.36",
"1771539202.077","-1","-1","-0.14","0",
"1771539202.087","-1","-1","-0.14","0",
"1771539202.097","-1","-1","-0.14","-0.03",
"1771539202.107","-1","-1","-0.14","-0.03",
"1771539202.117","-1","-1","-0.14",,
"1771539202.118",,,,"0.02",
"1771539202.127","-1","-1","-0.14","0.02",
"1771539202.138","-1","-1","-0.14","0.03",
"1771539202.147","-1","-1","-0.14","0.02",
"1771539202.157","-1","-1",,,
"1771539202.158",,,"-0.14","0.01",
"1771539202.167","-1","-1","-0.14",,
"1771539202.168",,,,"0.05",
"1771539202.177","-1","-1","-0.14","0",
"1771539202.187","-1",,,,
"1771539202.188",,"-1","-0.14","0.02",
"1771539202.197","-1","-1",,,
"1771539202.198",,,"-0.13","-0.07",
"1771539202.207","-1","-1","-0.14",,
"1771539202.208",,,,"0.04",
"1771539202.217","-1","-1","-0.14",,
"1771539202.218",,,,"0.01",
"1771539202.227","-1","-1","-0.14","0.04",
"1771539202.238","-1",,,,
"1771539202.239",,"-1","-0.13","0.02",
"1771539202.247","-1",,,,
"1771539202.248",,"-1","-0.13","-0.03",
"1771539202.257","-1",,,,
"1771539202.258",,"-1","-0.13","0.08",
"1771539202.267","-1","-1",,,
"1771539202.268",,,"-0.13","-0.05",
"1771539202.277","-1","-1","-0.13","-0.01",
"1771539202.287","-1","-1","-0.13",,
"1771539202.288",,,,"0.01",
"1771539202.298","-1","-1","-0.13","0.06",
"1771539202.308","-1","-1","-0.13","-0.02",
"1771539202.318","-1",,,,
"1771539202.319",,"-1","-0.13","0.01",
"1771539202.327","-1",,,,
"1771539202.328",,"-1","-0.13","0.01",
"1771539202.338","-1",,,,
"1771539202.339",,"-1","-0.13","-0.01",
"1771539202.347","-1","-1","-0.13","-0.04",
"1771539202.357","-1","-1","-0.13","0.02",
"1771539202.368","-1","-1","-0.13","-0.02",
"1771539202.378","-1",,,,
"1771539202.379",,"-1","-0.12","-0.04",
"1771539202.388","-1","-1","-0.13","0.03",
"1771539202.398","-1","-1","-0.13","0.04",
"1771539202.407","-1","-1","-0.12",,
"1771539202.408",,,,"0",
"1771539202.417","-1","-1","-0.12","0",
"1771539202.427","-1",,,,
"1771539202.428",,"-1","-0.12","0.01",
"1771539202.439","-1",,,,
"1771539202.44",,"-1","-0.12","0.02",
"1771539202.447","-1","-1","-0.12","-0.01",
"1771539202.458","-1","-1","-0.12","0.03",
"1771539202.467","-1",,,,
"1771539202.468",,"-1","-0.12","0.03",
"1771539202.477","-1","-1","-0.12","-0.02",
"1771539202.487","-1","-1","-0.12",,
"1771539202.488",,,,"0.01",
"1771539202.497","-1","-1",,,
"1771539202.498",,,"-0.12","-0.06",
"1771539202.508","-1","-1","-0.12","0.04",
"1771539202.518","-1","-1","-0.12","-0.02",
"1771539202.527","-1",,,,
"1771539202.528",,"-1","-0.12","0",
"1771539202.538","-1","-1","-0.12",,
"1771539202.539",,,,"0.04",
"1771539202.547","-1","-1","-0.12","0.03",
"1771539202.557","-1","-1","-0.12","0.07",
"1771539202.567","-1","-1","-0.11","-0.04",
"1771539202.578","-1",,,,
"1771539202.579",,"-1","-0.11","-0.05",
"1771539202.588","-1","-1","-0.11","0.01",
"1771539202.597","-1",,,,
"1771539202.598",,"-1","-0.11","-0.02",
"1771539202.607","-1","-1","-0.11","-0.02",
"1771539202.617","-1","-1","-0.11","-0.01",
"1771539202.627","-1","-1","-0.11","-0.04",
"1771539202.638","-1","-1","-0.11",,
"1771539202.639",,,,"0.03",
"1771539202.647","-1",,,,
"1771539202.648",,"-1","-0.11","0",
"1771539202.657","-1",,,,
"1771539202.658",,"-1","-0.11","-0.02",
"1771539202.667","-1","-1","-0.11","0.01",
"1771539202.677","-1","-1","-0.11","0.02",
"1771539202.687","-1","-1",,,
"1771539202.688",,,"-0.11","0.04",
"1771539202.697","-1","-1",,,
"1771539202.698",,,"-0.11","0",
"1771539202.708","-1","-1",,,
"1771539202.709",,,"-0.11","0.05",
"1771539202.718","-1","-1","-0.11","0.01",
"1771539202.727","-0.98","1","0.51","5.9",
"1771539202.738","-0.79","1","0.1","24.17",
"1771539202.747","-0.47","1","-0.15","32.3",
"1771539202.757","-0.2","1","-0.06","23.7",
"1771539202.768","-0.04","1","0.12","12.71",
"1771539202.777","0.06","1","0.14","10.62",
"1771539202.787","0.2","1","0","15.8",
"1771539202.797","0.4","1","-0.17","21.61",
"1771539202.807","0.62","1","-0.22","21.05",
"1771539202.817","0.79","1","-0.13","14.17",
"1771539202.827","0.87","1","0","6.52",
"1771539202.838","0.91","1","0.07","2.6",
"1771539202.847","0.93","1","0.07","2.51",
"1771539202.857","0.96","1","0.03","3.73",
"1771539202.867","1.01","1","0","4.5",
"1771539202.877","1.05","1","0.01","3.59",
"1771539202.887","1.07","1","0.02","2.49",
"1771539202.897","1.09","1","0.03","1.41",
"1771539202.907","1.1","1","0.04","0.18",
"1771539202.918","1.1","1","0.03","0.04",
"1771539202.927","1.1","1","0.02",,
"1771539202.928",,,,"-0.02",
"1771539202.938","1.1","1","0.01","-0.01",
"1771539202.947","1.1","1","0","-0.06",
"1771539202.957","1.09",,,,
"1771539202.958",,"1","-0.01","-0.17",
"1771539202.967","1.09",,,,
"1771539202.968",,"1","-0.02","-0.3",
"1771539202.977","1.09","1","-0.04","0.01",
"1771539202.988","1.09","1","-0.04","-0.1",
"1771539202.997","1.09","1","-0.05","-0.33",
"1771539203.007","1.08","1","-0.04","-1.21",
"1771539203.017","1.07","1",,,
"1771539203.018",,,"-0.05","-1.06",
"1771539203.027","1.06",,,,
"1771539203.028",,"1","-0.07","-0.38",
"1771539203.038","1.05","1",,,
"1771539203.039",,,"-0.06","-1.21",
"1771539203.048","1.04","1","-0.05","-1.63",
"1771539203.058","1.02","1","-0.05","-1.8",
"1771539203.067","1.01","1","-0.07",,
"1771539203.068",,,,"-0.5",
"1771539203.077","1.01","1",,,
"1771539203.078",,,"-0.07","-0.44",
"1771539203.087","1","1","-0.08","-0.29",
"1771539203.097","1",,,,
"1771539203.098",,"1","-0.07","-0.46",
"1771539203.107","1",,,,
"1771539203.108",,"1","-0.08","-0.14",
"1771539203.118","1","1","-0.08","0",
"1771539203.127","1","1",,,
"1771539203.128",,,"-0.08","-0.01",
"1771539203.138","1","1","-0.08","0.02",
"1771539203.147","1","1","-0.08",,
"1771539203.148",,,,"0",
"1771539203.157","1",,,,
"1771539203.158",,"1","-0.08","0.02",
"1771539203.168","1","1","-0.08","-0.05",
"1771539203.177","1",,,,
"1771539203.178",,"1","-0.08","0.02",
"1771539203.188","1","1","-0.08","-0.01",
"1771539203.197","1","1","-0.08","0",
"1771539203.207","1","1","-0.08","-0.01",
"1771539203.217","1",,,,
"1771539203.218",,"1","-0.08","0.01",
"1771539203.228","1","1",,,
"1771539203.229",,,"-0.07","-0.01",
"1771539203.239","1","1","-0.07","0.01",
"1771539203.248","1","1","-0.07","0",
"1771539203.257","1",,,,
"1771539203.258",,"1","-0.07","0",
"1771539203.267","1","1","-0.07",,
"1771539203.268",,,,"-0.04",
"1771539203.277","1","1",,,
"1771539203.278",,,"-0.07","-0.06",
"1771539203.288","1","1","-0.07","0",
"1771539203.298","1","1","-0.07","0.04",
"1771539203.308","1","1","-0.07","0",
"1771539203.318","1","1","-0.07","0.01",
"1771539203.327","1",,,,
"1771539203.328",,"1","-0.07","-0.01",
"1771539203.338","1","1","-0.07","0",
"1771539203.348","1","1","-0.07","0.01",
"1771539203.358","1","1","-0.07","-0.01",
"1771539203.367","1",,,,
"1771539203.368",,"1","-0.07","0",
"1771539203.377","1","1","-0.07",,
"1771539203.378",,,,"0.03",
"1771539203.388","1","1","-0.07","0",
"1771539203.397","1","1","-0.07","-0.01",
"1771539203.407","1","1","-0.06","-0.05",
"1771539203.418","1","1","-0.07","0.02",
"1771539203.428","1","1","-0.06","-0.01",
"1771539203.438","1",,,,
"1771539203.439",,"1","-0.06","0",
"1771539203.447","1",,,,
"1771539203.448",,"1","-0.06","-0.03",
"1771539203.457","1","1","-0.06",,
"1771539203.458",,,,"0.02",
"1771539203.467","1","1","-0.06","-0.03",
"1771539203.477","1",,,,
"1771539203.478",,"1","-0.06","0",
"1771539203.488","1","1","-0.06","-0.02",
"1771539203.498","1","1","-0.06","0.02",
"1771539203.508","1","1","-0.06","0.02",
"1771539203.518","1","1","-0.06","0.01",
"1771539203.527","1","1","-0.06","0",
"1771539203.538","1","1","-0.06","-0.01",
"1771539203.547","1","1","-0.06","0",
"1771539203.558","1",,,,
"1771539203.559",,"1","-0.06","0.06",
"1771539203.567","1",,,,
"1771539203.568",,"1","-0.06","0.01",
"1771539203.577","1","1","-0.06","0",
"1771539203.587","1",,,,
"1771539203.588",,"1","-0.06","0.02",
"1771539203.597","1","1","-0.05","-0.02",
"1771539203.607","1","1","-0.05","-0.02",
"1771539203.617","1","1",,,
"1771539203.618",,,"-0.05","-0.04",
"1771539203.628","1","1","-0.05","0.03",
"1771539203.638","1",,,,
"1771539203.639",,"1","-0.05","0.03",
"1771539203.647","1",,,,
"1771539203.648",,"1","-0.05","-0.01",
"1771539203.657","1","1","-0.05",,
"1771539203.658",,,,"-0.03",
"1771539203.667","1","1","-0.05","0",
"1771539203.677","1",,,,
"1771539203.678",,"1","-0.05","0.03",
"1771539203.687","1",,,,
"1771539203.688",,"1","-0.05","0",
"1771539203.698","1","1","-0.05","0.02",
"1771539203.707","1",,,,
"1771539203.708",,"1","-0.05","0",
"1771539203.718","1","1","-0.05","0.02",
"1771539203.727","0.98","-1","-0.57","-5.27",
"1771539203.738","0.81","-1","-0.21","-21.19",
"1771539203.747","0.55","-1","-0.07","-24.55",
"1771539203.757","0.36","-1","-0.17","-17.1",
"1771539203.767","0.23","-1","-0.25","-11.28",
"1771539203.777","0.11","-1","-0.18","-13.41",
"1771539203.787","-0.07","-1","0","-19.74",
"1771539203.797","-0.28","-1","0.09","-21.58",
"1771539203.807","-0.48","-1","0.09","-18.69",
"1771539203.817","-0.62","-1","-0.01","-11.63",
"1771539203.827","-0.7","-1","-0.11","-5.8",
"1771539203.838","-0.74","-1","-0.12","-4.67",
"1771539203.847","-0.79","-1","-0.1","-5.03",
"1771539203.857","-0.84","-1","-0.1","-4.46",
"1771539203.867","-0.87","-1","-0.14","-1.87",
"1771539203.877","-0.88","-1","-0.16","-0.84",
"1771539203.887","-0.89","-1","-0.15","-1.44",
"1771539203.897","-0.91","-1","-0.13","-2.11",
"1771539203.907","-0.92","-1","-0.13","-1.53",
"1771539203.917","-0.93","-1","-0.15","-0.73",
"1771539203.927","-0.94","-1","-0.15","-0.39",
"1771539203.938","-0.95","-1","-0.12","-1.71",
"1771539203.947","-0.97","-1","-0.11","-1.94",
"1771539203.957","-0.99","-1","-0.12","-1.33",
"1771539203.967","-0.99","-1","-0.14","-0.41",
"1771539203.977","-1","-1","-0.14","-0.02",
"1771539203.987","-1","-1","-0.13","-0.46",
"1771539203.997","-1.01","-1","-0.13","-0.71",
"1771539204.007","-1.01","-1","-0.14","0.01",
"1771539204.018","-1.01","-1","-0.14","-0.07",
"1771539204.027","-1.01","-1","-0.14","-0.02",
"1771539204.038","-1.01","-1",,,
"1771539204.039",,,"-0.14","0.03",
"1771539204.047","-1.01",,,,
"1771539204.048",,"-1","-0.14","0.02",
"1771539204.057","-1.01","-1","-0.14","-0.02",
"1771539204.067","-1.01","-1","-0.14","-0.01",
"1771539204.077","-1.01","-1","-0.13","-0.04",
"1771539204.087","-1.01",,,,
"1771539204.088",,"-1","-0.13","-0.03",
"1771539204.097","-1.01",,,,
"1771539204.098",,"-1","-0.13","0.04",
"1771539204.107","-1.01",,,,
"1771539204.108",,"-1","-0.13","0.06",
"1771539204.117","-1.01","-1","-0.13","0.02",
"1771539204.127","-1.01","-1","-0.13","0",
"1771539204.138","-1.01","-1","-0.13","0",
"1771539204.147","-1.01","-1","-0.13","-0.01",
"1771539204.157","-1.01",,,,
"1771539204.158",,"-1","-0.13","0.06",
"1771539204.168","-1.01","-1","-0.13","-0.01",
"1771539204.177","-1.01","-1","-0.13","-0.02",
"1771539204.187","-1.01","-1","-0.12","-0.05",
"1771539204.197","-1.01","-1","-0.12","0",
"1771539204.207","-1.01","-1","-0.12","0.03",
"1771539204.217","-1.01",,,,
"1771539204.218",,"-1","-0.12","0.02",
"1771539204.227","-1.01","-1",,,
"1771539204.228",,,"-0.12","-0.01",
"1771539204.239","-1.01","-1","-0.12","0",
"1771539204.247","-1.01","-1",,,
"1771539204.248",,,"-0.12","-0.01",
"1771539204.257","-1.01","-1","-0.12","-0.01",
"1771539204.267","-1.01","-1","-0.12","0.03",
"1771539204.277","-1.01","-1","-0.12","-0.01",
"1771539204.287","-1.01",,,,
"1771539204.288",,"-1","-0.12","-0.05",
"1771539204.298","-1.01","-1","-0.12","0.03",
"1771539204.308","-1.01","-1","-0.12","-0.01",
"1771539204.317","-1.01","-1",,,
"1771539204.318",,,"-0.11","-0.02",
"1771539204.327","-1.01","-1","-0.11","0.04",
"1771539204.338","-1.01","-1","-0.11","-0.02",
"1771539204.347","-1.01",,,,
"1771539204.348",,"-1","-0.11","0.03",
"1771539204.358","-1.01","-1","-0.11",,
"1771539204.359",,,,"0",
"1771539204.368","-1.01","-1","-0.11","0.04",
"1771539204.377","-1.01",,,,
"1771539204.378",,"-1","-0.11","0",
"1771539204.387","-1.01","-1","-0.11","-0.06",
"1771539204.397","-1.01","-1","-0.11","-0.03",
"1771539204.407","-1.01","-1","-0.11",,
"1771539204.408",,,,"0.01",
"1771539204.418","-1.01","-1",,,
"1771539204.419",,,"-0.11","-0.04",
"1771539204.428","-1.01","-1","-0.11",,
"1771539204.429",,,,"0.09",
"1771539204.439","-1.01","-1","-0.11","0.01",
"1771539204.447","-1.01",,,,
"1771539204.448",,"-1","-0.1","-0.02",
"1771539204.457","-1.01","-1","-0.1","0.07",
"1771539204.467","-1.01","-1","-0.1",,
"1771539204.468",,,,"0",
"1771539204.477","-1.01",,,,
"1771539204.478",,"-1","-0.1","-0.02",
"1771539204.488","-1.01","-1","-0.1","-0.01",
"1771539204.498","-1.01","-1","-0.1","0.01",
"1771539204.508","-1.01",,,,
"1771539204.509",,"-1","-0.1","0.06",
"1771539204.517","-1.01","-1","-0.1",,
"1771539204.518",,,,"-0.03",
"1771539204.527","-1.01","-1","-0.1","-0.01",
"1771539204.538","-1.01","-1","-0.1",,
"1771539204.539",,,,"-0.05",
"1771539204.547","-1.01",,,,
"1771539204.548",,"-1","-0.1","-0.04",
"1771539204.558","-1.01","-1","-0.1",,
"1771539204.559",,,,"0.04",
"1771539204.568","-1.01","-1",,,
"1771539204.569",,,"-0.1","0.03",
"1771539204.577","-1.01",,,,
"1771539204.578",,"-1","-0.09","0.05",
"1771539204.587","-1.01","-1","-0.09",,
"1771539204.588",,,,"0.02",
"1771539204.597","-1.01","-1","-0.09",,
"1771539204.598",,,,"0.07",
"1771539204.607","-1.01","-1","-0.09",,
"1771539204.608",,,,"-0.02",
"1771539204.618","-1.01","-1","-0.09","0",
"1771539204.628","-1.01",,,,
"1771539204.629",,"-1","-0.09","-0.02",
"1771539204.639","-1.01","-1","-0.09","0.06",
"1771539204.647","-1.01","-1",,,
"1771539204.648",,,"-0.09","0.03",
"1771539204.657","-1.01","-1","-0.09",,
"1771539204.658",,,,"-0.03",
"1771539204.667","-1.01","-1","-0.09",,
"1771539204.668",,,,"0.03",
"1771539204.677","-1.01","-1","-0.09",,
"1771539204.678",,,,"-0.01",
"1771539204.687","-1.01",,,,
"1771539204.688",,"-1","-0.09","0.03",
"1771539204.697","-1.01","-1","-0.08","-0.01",
"1771539204.708","-1.01","-1","-0.08","0.01",
"1771539204.717","-1.01","-1","-0.08",,
"1771539204.718",,,,"0.03",
"1771539204.727","-1","1","0.57","3.2",
"1771539204.738","-0.83","1","0.14","22.31",
"1771539204.747","-0.52","1","-0.15","32.75",
"1771539204.757","-0.23","1","-0.08","25.26",
"1771539204.767","-0.06","1","0.11","13.55",
"1771539204.777","0.04","1","0.15","10.03",
"1771539204.787","0.17","1","0.03","14.52",
"1771539204.797","0.36","1","-0.15","20.69",
"1771539204.807","0.58","1","-0.23","21.79",
"1771539204.817","0.76","1","-0.15","15.6",
"1771539204.827","0.86","1","-0.02","7.85",
"1771539204.838","0.9","1","0.05","3.39",
"1771539204.847","0.93","1","0.06","2.88",
"1771539204.857","0.97","1","0.03","3.88",
"1771539204.867","1.01","1","0","4.53",
"1771539204.877","1.05","1","0.01","3.68",
"1771539204.887","1.08",,,,
"1771539204.888",,"1","0.02","2.57",
"1771539204.898","1.1","1","0.03","1.29",
"1771539204.907","1.1","1","0.02","0.7",
"1771539204.917","1.1","1","0.03","-0.11",
"1771539204.927","1.1","1","0.01","0.07",
"1771539204.938","1.1","1","0","0",
"1771539204.947","1.1","1","-0.01","-0.14",
"1771539204.957","1.1","1","-0.02","-0.02",
"1771539204.967","1.1","1","-0.03","-0.16",
"1771539204.977","1.1","1","-0.04","-0.2",
"1771539204.987","1.1","1","-0.05","-0.24",
"1771539204.997","1.09","1","-0.05","-1.11",
"1771539205.007","1.07","1","-0.04","-1.85",
"1771539205.017","1.06",,,,
"1771539205.018",,"1","-0.07","-0.66",
"1771539205.027","1.05","1","-0.07","-0.9",
"1771539205.038","1.04",,,,
"1771539205.039",,"1","-0.06","-1.28",
"1771539205.047","1.03","1","-0.07","-1.09",
"1771539205.057","1.02","1","-0.06","-1.48",
"1771539205.067","1.01",,,,
"1771539205.068",,"1","-0.07","-0.83",
"1771539205.077","1","1","-0.08","-0.26",
"1771539205.088","1","1","-0.09","-0.03",
"1771539205.098","1","1","-0.09","-0.05",
"1771539205.107","1","1","-0.09","-0.11",
"1771539205.117","1","1","-0.09","0",
"1771539205.127","1","1","-0.09","-0.08",
"1771539205.139","1","1","-0.09","-0.07",
"1771539205.148","1","1","-0.09","-0.18",
"1771539205.157","1",,,,
"1771539205.158",,"1","-0.08","-0.22",
"1771539205.168","1",,,,
"1771539205.169",,"1","-0.09","-0.03",
"1771539205.177","1","1","-0.09","0.03",
"1771539205.187","1","1","-0.09","0.05",
"1771539205.198","1","1","-0.09","-0.01",
"1771539205.207","1",,,,
"1771539205.208",,"1","-0.09","-0.03",
"1771539205.217","1","1","-0.09","0.02",
"1771539205.227","1","1","-0.08","-0.03",
"1771539205.238","1","1","-0.09","0.06",
"1771539205.247","1","1","-0.08","0.01",
"1771539205.257","1","1",,,
"1771539205.258",,,"-0.08","-0.01",
"1771539205.267","1","1","-0.08","0.01",
"1771539205.277","1","1","-0.08","0.02",
"1771539205.288","1","1","-0.08","-0.01",
"1771539205.297","1","1","-0.08","-0.01",
"1771539205.307","1","1","-0.08","0.02",
"1771539205.317","1","1","-0.08","0",
"1771539205.327","1","1","-0.08","-0.02",
"1771539205.338","1",,,,
"1771539205.339",,"1","-0.08","0.01",
"1771539205.347","1",,,,
"1771539205.348",,"1","-0.08","-0.01",
"1771539205.358","1","1","-0.08","0.03",
"1771539205.367","1","1","-0.08","-0.03",
"1771539205.377","1","1","-0.08","0",
"1771539205.387","1",,,,
"1771539205.388",,"1","-0.08","-0.02",
"1771539205.398","1","1","-0.08","-0.01",
"1771539205.407","1",,,,
"1771539205.408",,"1","-0.08","-0.05",
"1771539205.417","1",,,,
"1771539205.418",,"1","-0.08","0.05",
"1771539205.427","1","1","-0.07","-0.02",
"1771539205.438","1","1","-0.08","0.03",
"1771539205.447","1","1","-0.08","0.06",
"1771539205.457","1",,,,
"1771539205.458",,"1","-0.07","-0.02",
"1771539205.468","1","1","-0.07","-0.02",
"1771539205.477","1","1","-0.07","0",
"1771539205.488","1","1","-0.07","-0.05",
"1771539205.498","1","1","-0.07","0",
"1771539205.507","1","1","-0.07","-0.02",
"1771539205.517","1","1","-0.07","0.04",
"1771539205.528","1","1","-0.07","-0.07",
"1771539205.539","1","1","-0.07","-0.02",
"1771539205.547","1",,,,
"1771539205.548",,"1","-0.07","-0.01",
"1771539205.558","1","1","-0.07","-0.03",
"1771539205.567","1","1",,,
"1771539205.568",,,"-0.07","0.02",
"1771539205.577","1","1","-0.07","-0.01",
"1771539205.587","1","1","-0.07","-0.01",
"1771539205.598","1","1","-0.07","-0.01",
"1771539205.608","1","1","-0.07","-0.04",
"1771539205.618","1",,,,
"1771539205.619",,"1","-0.07","0",
"1771539205.627","1",,,,
"1771539205.628",,"1","-0.07","0.03",
"1771539205.638","1","1","-0.06","-0.07",
"1771539205.647","1","1","-0.07",,
"1771539205.648",,,,"0.12",
"1771539205.657","1","1",,,
"1771539205.658",,,"-0.07","0.03",
"1771539205.667","1",,,,
"1771539205.668",,"1","-0.06","0",
"1771539205.677","1","1","-0.06","0.04",
"1771539205.687","1","1","-0.06",,
"1771539205.688",,,,"-0.01",
"1771539205.698","1","1","-0.06","-0.04",
"1771539205.707","1","1","-0.06","-0.03",
"1771539205.717","1","1","-0.06","0.07",
"1771539205.727","0.99","-1","-0.63","-2.41",
"1771539205.738","0.84","-1","-0.26","-19.3",
"1771539205.747","0.59","-1","-0.06","-25.73",
"1771539205.757","0.37","-1","-0.13","-19.15",
"1771539205.767","0.23","-1","-0.23","-12.34",
"1771539205.777","0.11","-1","-0.18","-13.16",
"1771539205.787","-0.06","-1","-0.04","-17.98",
"1771539205.797","-0.25","-1","0.05","-19.75",
"1771539205.807","-0.44","-1","0.05","-17.15",
"1771539205.817","-0.58","-1","-0.01","-12.61",
"1771539205.827","-0.67","-1","-0.07","-8.05",
"1771539205.838","-0.73","-1","-0.1","-6.07",
"1771539205.847","-0.79","-1","-0.1","-5.26",
"1771539205.857","-0.83","-1","-0.11","-3.89",
"1771539205.867","-0.86","-1","-0.15","-1.78",
"1771539205.877","-0.86","-1","-0.18","-0.24",
"1771539205.887","-0.87","-1","-0.17","-0.42",
"1771539205.897","-0.88","-1","-0.14","-1.88",
"1771539205.907","-0.9","-1","-0.12","-2.55",
"1771539205.917","-0.92","-1","-0.14","-1.42",
"1771539205.927","-0.93","-1","-0.16","-0.33",
"1771539205.938","-0.93","-1","-0.15","-0.71",
"1771539205.947","-0.94","-1","-0.14","-1.08",
"1771539205.957","-0.96","-1","-0.12","-1.7",
"1771539205.967","-0.97","-1","-0.13","-1.2",
"1771539205.977","-0.98","-1","-0.12","-1.32",
"1771539205.987","-0.99","-1","-0.13","-0.61",
"1771539205.997","-1","-1","-0.14","-0.43",
"1771539206.007","-1","-1","-0.14","-0.37",
"1771539206.017","-1","-1","-0.13","-0.49",
"1771539206.027","-1.01","-1","-0.14","-0.05",
"1771539206.038","-1.01","-1","-0.14","-0.02",
"1771539206.047","-1.01","-1","-0.14","0.03",
"1771539206.057","-1.01","-1","-0.14","-0.02",
"1771539206.067","-1.01","-1","-0.14",,
"1771539206.068",,,,"-0.02",
"1771539206.077","-1.01","-1","-0.14","0",
"1771539206.088","-1.01","-1","-0.14","-0.03",
"1771539206.097","-1.01","-1","-0.14",,
"1771539206.098",,,,"-0.01",
"1771539206.107","-1.01","-1","-0.14",,
"1771539206.108",,,,"0",
"1771539206.117","-1.01","-1",,,
"1771539206.118",,,"-0.13","-0.02",
"1771539206.127","-1.01","-1","-0.13","0.03",
"1771539206.138","-1.01",,,,
"1771539206.139",,"-1","-0.13","-0.04",
"1771539206.147","-1.01",,,,
"1771539206.148",,"-1","-0.13","0.03",
"1771539206.158","-1.01","-1","-0.13","0.04",
"1771539206.167","-1.01","-1","-0.13",,
"1771539206.168",,,,"0.03",
"1771539206.177","-1.01","-1","-0.13","-0.01",
"1771539206.187","-1.01","-1","-0.13","0.03",
"1771539206.198","-1.01","-1","-0.13","0.05",
"1771539206.208","-1.01","-1","-0.13","0.04",
"1771539206.218","-1.01","-1","-0.13","0.07",
"1771539206.227","-1.01","-1",,,
"1771539206.228",,,"-0.13","0",
"1771539206.238","-1.01","-1","-0.13","0.03",
"1771539206.247","-1.01","-1",,,
"1771539206.248",,,"-0.13","-0.01",
"1771539206.257","-1.01","-1",,,
"1771539206.258",,,"-0.12","-0.01",
"1771539206.268","-1.01","-1","-0.12","-0.01",
"1771539206.278","-1.01","-1","-0.12","0.03",
"1771539206.288","-1.01",,,,
"1771539206.289",,"-1","-0.12","0",
"1771539206.297","-1.01","-1","-0.12","0.03",
"1771539206.307","-1.01","-1","-0.12","0.03",
"1771539206.317","-1.01","-1",,,
"1771539206.318",,,"-0.12","-0.02",
"1771539206.328","-1.01","-1","-0.12","0.02",
"1771539206.339","-1.01","-1","-0.12","0",
"1771539206.348","-1.01","-1","-0.12","0.02",
"1771539206.358","-1.01","-1","-0.12","0.02",
"1771539206.367","-1.01","-1","-0.12","0.03",
"1771539206.377","-1.01","-1","-0.12","-0.05",
"1771539206.387","-1.01","-1","-0.12","0",
"1771539206.398","-1.01","-1","-0.11","0",
"1771539206.408","-1.01","-1","-0.11","0.01",
"1771539206.418","-1.01","-1","-0.11","0.05",
"1771539206.427","-1.01",,,,
"1771539206.428",,"-1","-0.11","0",
"1771539206.438","-1.01","-1","-0.11","-0.02",
"1771539206.447","-1.01","-1","-0.11",,
"1771539206.448",,,,"0.02",
"1771539206.457","-1.01","-1","-0.11","-0.07",
"1771539206.468","-1.01","-1","-0.11","-0.01",
"1771539206.478","-1.01",,,,
"1771539206.479",,"-1","-0.11","0.01",
"1771539206.488","-1.01","-1","-0.11","0",
"1771539206.497","-1.01","-1","-0.11","-0.02",
"1771539206.507","-1.01","-1",,,
"1771539206.508",,,"-0.11","0.01",
"1771539206.517","-1.01","-1","-0.11",,
"1771539206.518",,,,"-0.01",
"1771539206.527","-1.01","-1","-0.11","0.02",
"1771539206.539","-1.01","-1","-0.1","0.03",
"1771539206.547","-1.01","-1","-0.1","0",
"1771539206.557","-1.01",,,,
"1771539206.558",,"-1","-0.1","-0.01",
"1771539206.567","-1.01","-1","-0.1","-0.01",
"1771539206.577","-1.01","-1","-0.1","0.01",
"1771539206.587","-1.01",,,,
"1771539206.588",,"-1","-0.1","0.05",
"1771539206.598","-1.01","-1","-0.1","-0.05",
"1771539206.607","-1.01",,,,
"1771539206.608",,"-1","-0.1","0.04",
"1771539206.618","-1.01","-1","-0.1","0.02",
"1771539206.627","-1.01",,,,
"1771539206.628",,"-1","-0.1","0.01",
"1771539206.638","-1.01","-1","-0.1","0",
"1771539206.647","-1.01","-1","-0.1","0.04",
"1771539206.657","-1.01",,,,
"1771539206.658",,"-1","-0.1","0",
"1771539206.668","-1.01","-1","-0.1","0.03",
"1771539206.677","-1.01",,,,
"1771539206.678",,"-1","-0.1","0.07",
"1771539206.688","-1.01","-1","-0.09","0.03",
"1771539206.697","-1.01","-1","-0.09",,
"1771539206.698",,,,"-0.02",
"1771539206.707","-1.01","-1","-0.09","0.05",
"1771539206.718","-1.01","-1","-0.09",,
"1771539206.719",,,,"0.02",
"1771539206.728","-1",,,,
"1771539206.729",,"1","0.57","1.03",
"1771539206.738","-0.87","1","0.21","19.54",
"1771539206.747","-0.57","1","-0.14","32.76",
"1771539206.758","-0.26","1","-0.13","28",
"1771539206.767","-0.05","1","0.03","17.44",
"1771539206.777","0.07","1","0.12","11.45",
"1771539206.787","0.19","1","0.08","11.95",
"1771539206.797","0.33","1","-0.03","15.56",
"1771539206.807","0.51","1","-0.14","18.53",
"1771539206.817","0.69","1","-0.15","16.66",
"1771539206.827","0.82","1","-0.08","11.24",
"1771539206.838","0.89","1","-0.01","6.65",
"1771539206.847","0.95","1","0.01","4.86",
"1771539206.857","0.99","1","0.02","4",
"1771539206.867","1.03","1","0.01","4.07",
"1771539206.877","1.06","1","0.01","3.08",
"1771539206.887","1.09",,,,
"1771539206.888",,"1","0.01","2.47",
"1771539206.897","1.1","1","0.03","0.8",
"1771539206.907","1.1","1","0.03","-0.06",
"1771539206.917","1.1","1",,,
"1771539206.918",,,"0.02","0.05",
"1771539206.927","1.1","1","0.01","-0.05",
"1771539206.938","1.1",,,,
"1771539206.939",,"1","-0.01","0.02",
"1771539206.947","1.1",,,,
"1771539206.948",,"1","-0.01","-0.1",
"1771539206.957","1.1","1","-0.03","-0.12",
"1771539206.967","1.1","1","-0.04","-0.1",
"1771539206.977","1.1","1","-0.05","-0.12",
"1771539206.987","1.1","1","-0.05","-0.74",
"1771539206.998","1.08","1","-0.04","-1.41",
"1771539207.008","1.07","1","-0.06","-0.85",
"1771539207.017","1.07",,,,
"1771539207.018",,"1","-0.09","0.09",
"1771539207.027","1.07","1","-0.09","-0.19",
"1771539207.038","1.07","1","-0.1","-0.14",
"1771539207.047","1.07","1","-0.11","-0.06",
"1771539207.058","1.06","1",,,
"1771539207.059",,,"-0.12","-0.03",
"1771539207.067","1.06",,,,
"1771539207.068",,"1","-0.11","-0.44",
"1771539207.077","1.05","1","-0.09","-1.85",
"1771539207.087","1.03","1","-0.08",,
"1771539207.088",,,,"-2.34",
"1771539207.097","1","1","-0.08","-2.13",
"1771539207.108","0.99","1","-0.09","-1.33",
"1771539207.117","0.97",,,,
"1771539207.118",,"1","-0.09","-1.36",
"1771539207.127","0.95","1",,,
"1771539207.128",,,"-0.06","-2.36",
"1771539207.139","0.93","1","-0.05","-2.15",
"1771539207.148","0.92","1","-0.08","-0.24",
"1771539207.157","0.92",,,,
"1771539207.158",,"1","-0.07","-0.09",
"1771539207.167","0.92","1","-0.06","0.05",
"1771539207.177","0.92",,,,
"1771539207.178",,"1","-0.05","-0.01",
"1771539207.188","0.92","1","-0.05","0.09",
"1771539207.198","0.92","1","-0.04","0.14",
"1771539207.208","0.92",,,,
"1771539207.209",,"1","-0.03","0.05",
"1771539207.217","0.92",,,,
"1771539207.218",,"1","-0.02","0.1",
"1771539207.227","0.93","1","-0.01","0.15",
"1771539207.238","0.93","1",,,
"1771539207.239",,,"0","0.02",
"1771539207.247","0.93","1","0.01","0.18",
"1771539207.257","0.93","1","0","0.95",
"1771539207.267","0.94","1","0","0.85",
"1771539207.277","0.95","1","0.02","0.21",
"1771539207.287","0.95","1","0.03","0.05",
"1771539207.297","0.95","1","0.03",,
"1771539207.298",,,,"0.33",
"1771539207.307","0.96","1","0.02","1.25",
"1771539207.317","0.98","1","0.01","1.39",
"1771539207.327","0.99","1","0.01","1.58",
"1771539207.338","1.01","1","0.01","1.54",
"1771539207.347","1.02","1","0.01","1.26",
"1771539207.357","1.03","1","0.03","0.13",
"1771539207.367","1.03","1","0.02",,
"1771539207.368",,,,"0.08",
"1771539207.377","1.03","1","0.02","0.01",
"1771539207.387","1.03","1","0.02","-0.04",
"1771539207.397","1.03","1","0.02","0.03",
"1771539207.407","1.03","1","0.01","0",
"1771539207.417","1.02","1","0.01","-0.01",
"1771539207.427","1.02","1","0.01","0.03",
"1771539207.438","1.02","1","0","0.01",
"1771539207.447","1.02","1",,,
"1771539207.448",,,"0","-0.05",
"1771539207.457","1.02","1","0","-0.05",
"1771539207.468","1.02","1","0","0.03",
"1771539207.477","1.02","1","-0.01","0.01",
"1771539207.486","1.02","1","-0.01","0.02",
"1771539207.497","1.02","1","-0.01",,
"1771539207.498",,,,"-0.06",
"1771539207.507","1.02","1","-0.01",,
"1771539207.508",,,,"-0.05",
"1771539207.517","1.02",,,,
"1771539207.518",,"1","-0.02","-0.02",
"1771539207.527","1.02",,,,
"1771539207.528",,"1","-0.02","-0.02",
"1771539207.539","1.02","1","-0.02","-0.04",
"1771539207.547","1.02","1","-0.03","-0.02",
"1771539207.557","1.02","1","-0.03",,
"1771539207.558",,,,"0.03",
"1771539207.567","1.02","1","-0.03","-0.02",
"1771539207.577","1.02","1","-0.03","0.03",
"1771539207.587","1.02",,,,
"1771539207.588",,"1","-0.04","-0.04",
"1771539207.597","1.02","1","-0.04","-0.02",
"1771539207.607","1.02","1","-0.04","-0.05",
"1771539207.617","1.02","1","-0.04","0",
"1771539207.627","1.02","1","-0.05","-0.03",
"1771539207.638","1.02","1","-0.05",,
"1771539207.639",,,,"-0.04",
"1771539207.647","1.02",,,,
"1771539207.648",,"1","-0.05","-0.01",
"1771539207.657","1.02","1","-0.05","0",
"1771539207.666","1.02","1","-0.06","0.02",
"1771539207.676","1.02","1","-0.06","-0.01",
"1771539207.687","1.02","1","-0.06","0",
"1771539207.697","1.02","1",,,
"1771539207.698",,,"-0.06","-0.08",
"1771539207.707","1.02","1","-0.06","0.01",
"1771539207.717","1.02","1",,,
"1771539207.718",,,"-0.07","0.04",
"1771539207.727","1.02","-1","-0.68","-0.45",
"1771539207.738","0.9","-1","-0.3","-17.81",
"1771539207.746","0.64","-1","-0.07","-26.02",
"1771539207.756","0.42","-1","-0.13","-19.66",
"1771539207.767","0.27","-1","-0.23","-12.76",
"1771539207.776","0.15","-1","-0.2","-12.85",
"1771539207.787","-0.01","-1","-0.07","-17.27",
"1771539207.797","-0.2","-1","0.04","-19.88",
"1771539207.806","-0.39","-1","0.05","-18.16",
"1771539207.817","-0.55","-1","0.01","-13.94",
"1771539207.827","-0.65","-1","-0.06","-8.8",
"1771539207.838","-0.71","-1","-0.1","-5.86",
"1771539207.846","-0.77","-1","-0.11","-5.06",
"1771539207.856","-0.81","-1","-0.11","-4.16",
"1771539207.867","-0.84","-1","-0.13","-2.62",
"1771539207.877","-0.85","-1","-0.17","-0.49",
"1771539207.887","-0.85","-1","-0.18","0.01",
"1771539207.897","-0.85","-1","-0.18","-0.22",
"1771539207.907","-0.86","-1","-0.15","-1.3",
"1771539207.917","-0.88","-1","-0.13","-2.15",
"1771539207.927","-0.91","-1","-0.13","-1.94",
"1771539207.938","-0.92","-1","-0.15","-0.72",
"1771539207.947","-0.93","-1","-0.14","-1.1",
"1771539207.956","-0.94","-1","-0.14","-1.04",
"1771539207.967","-0.95","-1","-0.12","-1.82",
"1771539207.977","-0.97","-1","-0.12","-1.62",
"1771539207.986","-0.99","-1","-0.12","-1.13",
"1771539207.996","-0.99","-1","-0.13","-0.71",
"1771539208.007","-1","-1","-0.14","-0.14",
"1771539208.017","-1","-1","-0.14","-0.23",
"1771539208.026","-1","-1","-0.13","-0.63",
"1771539208.038","-1.01","-1","-0.14","-0.01",
"1771539208.047","-1.01","-1","-0.14","-0.02",
"1771539208.057","-1.01","-1","-0.14","-0.02",
"1771539208.066","-1.01","-1","-0.14","0",
"1771539208.076","-1.01","-1","-0.14","0.01",
"1771539208.086","-1.01","-1","-0.14","-0.01",
"1771539208.097","-1.01","-1","-0.14","0.01",
"1771539208.106","-1.01","-1","-0.14","-0.01",
"1771539208.116","-1.01","-1","-0.14",,
"1771539208.117",,,,"0",
"1771539208.126","-1.01","-1","-0.14","0.01",
"1771539208.138","-1.01","-1","-0.13","-0.02",
"1771539208.147","-1.01","-1","-0.13","0.03",
"1771539208.156","-1.01","-1","-0.13","0.04",
"1771539208.166","-1.01","-1","-0.13","0.01",
"1771539208.176","-1.01","-1","-0.13","0.01",
"1771539208.186","-1.01","-1","-0.13","0.03",
"1771539208.196","-1.01","-1","-0.13","-0.03",
"1771539208.206","-1.01","-1","-0.13","-0.04",
"1771539208.217","-1.01","-1","-0.13","-0.01",
"1771539208.226","-1.01","-1","-0.13","0.04",
"1771539208.238","-1.01","-1","-0.13","0.05",
"1771539208.246","-1.01","-1","-0.13","-0.01",
"1771539208.256","-1.01","-1","-0.13","-0.02",
"1771539208.266","-1.01","-1","-0.13","0.02",
